id,name,charge,currency,show_name,charge_ios,charge_ios_new
1,Monthly Pass,9.99,$,Monthly Pass,9.99,9.99
2,Mini Pass,1.99,$,Mini Pass,1.99,1.99
3,Weekly Pass,0.99,$,Weekly Pass,0.99,0.99
4,250 Gems Pack,1.99,$,Gem Pack,1.99,1.99
5,500 Gems Pack,4.99,$,Gem Pack,4.99,4.99
6,1000 Gems Pack,9.99,$,Gem Pack,9.99,9.99
7,2500 Gems Pack,29.99,$,Gem Pack,29.99,29.99
8,5000 Gems Pack,49.99,$,Gem Pack,49.99,49.99
9,LV 24 Pack,0.99,$,LV 24 Pack,0.99,0.99
10,LV 32 Pack,1.99,$,LV 32 Pack,1.99,1.99
11,LV 48 Pack,4.99,$,LV 48 Pack,4.99,4.99
12,LV 58 Pack,19.99,$,LV 58 Pack,19.99,19.99
13,LV 78 Pack,29.99,$,LV 78 Pack,29.99,29.99
14,4-Star Girl Training Pack,1.99,$,4-Star Girl Training Pack,1.99,1.99
15,5-Star Girl Training Pack,4.99,$,5-Star Girl Training Pack,4.99,4.99
16,Monthly Pack 1,1.99,$,Monthly Pack,1.99,1.99
17,Monthly Pack 2,4.99,$,Monthly Pack,4.99,4.99
18,Monthly Pack 3,19.99,$,Monthly Pack,19.99,19.99
19,Monthly Pack 4,29.99,$,Monthly Pack,29.99,29.99
20,Monthly Pack 5,49.99,$,Monthly Pack,49.99,49.99
21,Monthly pack 6,49.99,$,Monthly Pack,49.99,49.99
22,Weekly Pack 1,4.99,$,Weekly Pack,4.99,4.99
23,Weekly Pack 2,9.99,$,Weekly Pack,9.99,9.99
24,Weekly Pack 3,29.99,$,Weekly Pack,29.99,29.99
25,Weekly Pack 4,49.99,$,Weekly Pack,49.99,49.99
26,Value Pack 1,49.99,$,Value Pack,49.99,49.99
27,Value Pack 2,29.99,$,Value Pack,29.99,29.99
28,Value Pack 3,14.99,$,Value Pack,14.99,14.99
29,Value Pack 4,4.99,$,Value Pack,4.99,4.99
30,Value Pack 5,1.99,$,Value Pack,1.99,1.99
31,Value Pack 1,49.99,$,Value Pack,49.99,49.99
32,Value Pack 2,29.99,$,Value Pack,29.99,29.99
33,Value Pack 3,14.99,$,Value Pack,14.99,14.99
34,Value Pack 4,9.99,$,Value Pack,9.99,9.99
35,Free Reload Pack,0.99,$,Free Reload Pack,0.99,0.99
36,Value Pack 5,1.99,$,Value Pack,1.99,1.99
37,Limited Edition 5-star Girl Pack,0.99,$,Limited Edition 5-star Girl Pack,0.99,0.99
38,Subscription,0.99,$,Subscription,0.99,0.99
39,Spring Festival\nCard,4.99,$,Spring Festival\nCard,4.99,4.99
40,Weekly Subscription,0.99,$,Weekly Subscription,0.99,0.99
41,Monthly Subscription,3.99,$,Monthly Subscription,3.99,3.99
42,Quarterly Subscription,9.99,$,Quarterly Subscription,9.99,9.99
43,Monthly Pack 1,1.99,$,Monthly Pack,1.99,1.99
44,Monthly Pack 2,4.99,$,Monthly Pack,4.99,4.99
45,Monthly Pack 3,19.99,$,Monthly Pack,19.99,19.99
46,Monthly Pack 4,29.99,$,Monthly Pack,29.99,29.99
47,Monthly Pack 5,49.99,$,Monthly Pack,49.99,49.99
48,Monthly Pack 6,49.99,$,Monthly Pack,49.99,49.99
49,Weekly Pack 1,4.99,$,Weekly Pack,4.99,4.99
50,Weekly Pack 2,9.99,$,Weekly Pack,9.99,9.99
51,Weekly Pack 3,29.99,$,Weekly Pack,29.99,29.99
52,Weekly Pack 4,49.99,$,Weekly Pack,49.99,49.99
53,Weekly Subscription,0.99,$,Weekly Subscription,0.99,0.99
54,Monthly Subscription,3.99,$,Monthly Subscription,3.99,3.99
55,Quarterly Subscription,9.99,$,Quarterly Subscription,9.99,9.99
56,Special Skin Pack 1,1.99,$,Special Gift Pack,1.99,1.99
57,Special Gift Pack 1,1.99,$,Special Gift Pack,1.99,1.99
58,7-Day Free Trial,0,$,7-Day Free Trial,0,0
59,7-Day Free Trial,0,$,7-Day Free Trial,0,0
60,7-Day Free Trial,0,$,7-Day Free Trial,0,0
61,7-Day Free Trial,0,$,7-Day Free Trial,0,0
62,7-Day Free Trial,0,$,7-Day Free Trial,0,0
63,7-Day Free Trial,0,$,7-Day Free Trial,0,0
64,Stage Pack,4.99,$,Stage Pack,4.99,4.99
65,Special Gift Pack 2,29.99,$,Special Gift Pack,29.99,29.99
66,Oath Ring,9.99,$,Oath Ring,9.99,9.99
67,Growth Pack,4.99,$,Growth Pack,4.99,4.99
68,Value Pack 6,1.99,$,Value Pack,1.99,1.99
69,Value Pack 6,1.99,$,Value Pack,1.99,1.99
70,Unlock Special Rewards,9.99,$,Unlock Special Rewards,9.99,9.99
71,Special Skin Pack 2,29.99,$,Special Gift Pack,29.99,29.99
72,4th Anniversary Card,19.99,$,4th Anniversary Card,19.99,19.99
73,Jingle Bell Pack,9.99,$,Jingle Bell Pack,9.99,9.99
74,Motivation Program,4.99,$,Motivation Program,4.99,4.99
75,Oath Pack,19.99,$,Oath Pack,19.99,19.99
76,Deluxe Pass,4.99,$,Deluxe Pass,4.99,4.99
77,Jingle Bell Pack,99.99,$,Jingle Bell Pack,99.99,99.99
78,Value Pack 1,49.99,$,Value Pack,49.99,49.99
79,Value Pack 2,29.99,$,Value Pack,29.99,29.99
80,Value Pack 3,14.99,$,Value Pack,14.99,14.99
81,Value Pack 4,4.99,$,Value Pack,4.99,4.99
82,Value Pack 5,1.99,$,Value Pack,1.99,1.99
83,Value Pack 6,1.99,$,Value Pack,1.99,1.99
84,Special Gift Pack 1,1.99,$,Special Gift Pack,1.99,1.99
85,Special Gift Pack 2,49.99,$,Special Gift Pack,49.99,49.99
86,Free Reload Pack,0.99,$,Free Reload Pack,0.99,0.99
87,Weekly Pack 5,49.99,$,Weekly Pack,49.99,49.99
88,"4,000 Gems",49.99,$,Gem Pack,49.99,49.99
89,Monthly Pack 7,49.99,$,Monthly Pack,49.99,49.99
90,Weekly Pack 6,49.99,$,Weekly Pack,49.99,49.99
92,Daily Pack 1,0.99,$,Daily Pack,0.99,0.99
93,Daily Pack 2,0.99,$,Daily Pack,0.99,0.99
94,Daily Pack 3,1.99,$,Daily Pack,1.99,1.99
95,Daily Pack 4,1.99,$,Daily Pack,1.99,1.99
96,Daily Pack 5,1.99,$,Daily Pack,1.99,1.99
97,Daily Pack 6,1.99,$,Daily Pack,1.99,1.99
99,Daily Pack 1,0.99,$,Daily Pack,0.99,0.99
100,Daily Pack 2,0.99,$,Daily Pack,0.99,0.99
101,Daily Pack 3,1.99,$,Daily Pack,1.99,1.99
102,Daily Pack 4,1.99,$,Daily Pack,1.99,1.99
103,Daily Pack 5,1.99,$,Daily Pack,1.99,1.99
104,Daily Pack 6,1.99,$,Daily Pack,1.99,1.99
105,Admission Prep,9.99,$,Admission Prep,9.99,9.99
106,Luxury Book,9.99,$,Luxury Book,9.99,9.99
107,Collector's Book 2,9.99,$,Collector's Book 2,9.99,9.99
108,Collector's Book 1,19.99,$,Collector's Book 1,19.99,19.99
109,1250 Gems pack,14.99,$,Gem Pack,14.99,14.99
110,Date Preparation Pack,9.99,$,Date Preparation Pack,9.99,9.99
120,SP. Energy Card,9.99,$,Energy Card,9.99,9.99
121,Luxury Book,9.99,$,Luxury Book,9.99,9.99
122,Collector's Book 2,9.99,$,Collector's Book 2,9.99,9.99
123,Collector's Book 1,19.99,$,Collector's Book 1,19.99,19.99
125,Special Gift Pack 1,1.99,$,Special Gift Pack,1.99,1.99
126,Special Gift Pack 2,49.99,$,Special Gift Pack,49.99,49.99
127,Sanctuary Privilege,1.99,$,Sanctuary Privilege,1.99,1.99
128,Patrol Privilege,1.99,$,Patrol Privilege,1.99,1.99
129,Soda Pack,4.99,$,Soda Pack,4.99,4.99
130,Magic Gift Box 1,49.99,$,Magic Gift Box 1,49.99,49.99
131,Magic Gift Box 2,29.99,$,Magic Gift Box 2,29.99,29.99
132,Magic Gift Box 3,9.99,$,Magic Gift Box 3,9.99,9.99
133,Magic Gift Box 4,1.99,$,Magic Gift Box 4,1.99,1.99
134,Magic Gift Box 5,0.99,$,Magic Gift Box 5,0.99,0.99
135,Special Girls Pack 1,29.99,$,Special Girls Pack 1,29.99,29.99
136,Special Girls Pack 2,49.99,$,Special Girls Pack 2,49.99,49.99
137,Monthly Pass Discount,1.99,$,Monthly Pass Discount,1.99,1.99
138,Red Riding Hood's Gift,14.99,$,Red Riding Hood's Gift,14.99,14.99
139,Valentine's Limited Pack 1,4.99,$,Valentine's Limited Pack 1,4.99,4.99
140,Krystal's Gift 1,4.99,$,Krystal's Gift 1,4.99,4.99
141,Test Fund,4.99,$,Test Fund,4.99,4.99
142,Test Fund 2,9.99,$,Test Fund 2,9.99,9.99
143,Test Fund 3,19.99,$,Test Fund 3,19.99,19.99
144,Special Skin Pack 1,1.99,$,Special Skin Pack,1.99,1.99
145,Special Skin Pack 2,29.99,$,Special Skin Pack,29.99,29.99
146,Special Gift Pack 1,1.99,$,Special Gift Pack,1.99,1.99
147,Special Gift Pack 2,49.99,$,Special Gift Pack,49.99,49.99
148,Beginner Pack 1,0.99,$,Beginner Pack 1,0.99,0.99
149,Beginner Pack 2,0.99,$,Beginner Pack 2,0.99,0.99
150,Beginner Pack 3,4.99,$,Beginner Pack 3,4.99,4.99
151,Beginner Pack 1,0.99,$,Beginner Pack 1,0.99,0.99
152,Beginner Pack 2,1.99,$,Beginner Pack 2,1.99,1.99
153,Beginner Pack 3,4.99,$,Beginner Pack 3,4.99,4.99
154,Beginner Pack 1,0.99,$,Beginner Pack 1,0.99,0.99
155,Beginner Pack 2,1.99,$,Beginner Pack 2,1.99,1.99
156,Beginner Pack 3,9.99,$,Beginner Pack 3,9.99,9.99
157,Beginner Pack 1,0.99,$,Beginner Pack 1,0.99,0.99
158,Beginner Pack 2,1.99,$,Beginner Pack 2,1.99,1.99
159,Beginner Pack 3,9.99,$,Beginner Pack 3,9.99,9.99
160,Beginner Pack 1,0.99,$,Beginner Pack 1,0.99,0.99
161,Beginner Pack 2,1.99,$,Beginner Pack 2,1.99,1.99
162,Beginner Pack 3,9.99,$,Beginner Pack 3,9.99,9.99
163,Beginner Pack 1,0.99,$,Beginner Pack 1,0.99,0.99
164,Beginner Pack 2,4.99,$,Beginner Pack 2,4.99,4.99
165,Beginner Pack 3,19.99,$,Beginner Pack 3,19.99,19.99
166,Beginner Pack 1,0.99,$,Beginner Pack 1,0.99,0.99
167,Beginner Pack 2,9.99,$,Beginner Pack 2,9.99,9.99
168,Beginner Pack 3,19.99,$,Beginner Pack 3,19.99,19.99
177,Black Friday Crazy Sale 1,49.99,$,Black Friday Crazy Sale 1,49.99,49.99
178,Black Friday Crazy Sale 2,99.99,$,Black Friday Crazy Sale 2,99.99,99.99
179,Monthly Kick Off 1,4.99,$,Monthly Kick Off 1,4.99,4.99
180,Monthly Kick Off 2,14.99,$,Monthly Kick Off 2,14.99,14.99
181,Monthly Kick Off 3,19.99,$,Monthly Kick Off 3,19.99,19.99
182,Monthly Kick Off 4,29.99,$,Monthly Kick Off 4,29.99,29.99
183,Monthly Kick Off 5,49.99,$,Monthly Kick Off 5,49.99,49.99
184,Beginner Special,0.99,$,Beginner Special,0.99,0.99
185,Luvly's Elite Supply,29.99,$,Luvly's Elite Supply,29.99,29.99
186,Special Fund,14.99,$,Special Fund,14.99,14.99
187,Turin Enhancement,1.99,$,Turin Enhancement,1.99,1.99
188,Turin Enhancement,4.99,$,Turin Enhancement,4.99,4.99
189,Antique Aid,19.99,$,Antique Aid,19.99,19.99
190,Beginner Funds,9.99,$,Beginner Funds,9.99,9.99
191,Beginner's Capsule,1.99,$,Beginner's Capsule,1.99,1.99
192,Beginner's Capsule,4.99,$,Beginner's Capsule,4.99,4.99
193,Beginner's Capsule,9.99,$,Beginner's Capsule,9.99,9.99
194,Lucky Bonus,19.99,$,Lucky Bonus,19.99,19.99
195,Beginner's Limited Capsule Pack,4.99,$,Beginner's Limited Capsule Pack,4.99,4.99
196,Beginner's Limited Capsule Pack,19.99,$,Beginner's Limited Capsule Pack,19.99,19.99
197,Beginner's Limited Capsule Pack,29.99,$,Beginner's Limited Capsule Pack,29.99,29.99
198,Daily Pack 7,1.99,$,Daily Pack,1.99,1.99
199,Monthly Pack 9,49.99,$,Monthly Pack,49.99,49.99
200,Weekly Pack 5,49.99,$,Weekly Pack,49.99,49.99
201,Weekly Pack 6,49.99,$,Weekly Pack,49.99,49.99
202,Krystal's Gift 2,19.99,$,Krystal's Gift 2,19.99,19.99
203,Krystal's Gift 3,49.99,$,Krystal's Gift 3,49.99,49.99
204,Servant Supply 1,1.99,$,Servant Supply 1,1.99,1.99
205,Servant Supply 2,4.99,$,Bizarre Supply 2,4.99,4.99
206,Servant Supply 3,19.99,$,Bizarre Supply 3,19.99,19.99
207,Servant Supply 4,29.99,$,Servant Supply 4,29.99,29.99
208,Servant Supply 5,49.99,$,Servant Supply 5,49.99,49.99
209,Easter Pack 1,19.99,$,Easter Pack 1,19.99,19.99
210,Easter Pack 2,49.99,$,Easter Pack 2,49.99,49.99
211,Bottles Adrift Pack 1,49.99,$,Bottles Adrift Pack 1,49.99,49.99
212,Bottles Adrift Pack 2,29.99,$,Bottles Adrift Pack 2,29.99,29.99
213,Bottles Adrift Pack 3,19.99,$,Bottles Adrift Pack 3,19.99,19.99
214,Guild Member Special Lv. 10,0.99,$,Guild Member Special Lv. 10,0.99,0.99
215,Guild Member Special Lv. 11,0.99,$,Guild Member Special Lv. 11,0.99,0.99
216,Guild Member Special Lv. 12,0.99,$,Guild Member Special Lv. 12,0.99,0.99
217,Guild Member Special Lv. 13,0.99,$,Guild Member Special Lv. 13,0.99,0.99
218,Guild Member Special Lv. 14,0.99,$,Guild Member Special Lv. 14,0.99,0.99
219,Guild Member Special Lv. 15,0.99,$,Guild Member Special Lv. 15,0.99,0.99
220,Guild Member Special Lv. 16,0.99,$,Guild Member Special Lv. 16,0.99,0.99
221,Guild Member Special Lv. 17,0.99,$,Guild Member Special Lv. 17,0.99,0.99
222,Guild Member Special Lv. 18,0.99,$,Guild Member Special Lv. 18,0.99,0.99
223,Guild Member Special Lv. 19,0.99,$,Guild Member Special Lv. 19,0.99,0.99
224,Guild Member Special Lv. 20,0.99,$,Guild Member Special Lv. 20,0.99,0.99
225,Guild Member Special Lv. 21,0.99,$,Guild Member Special Lv. 21,0.99,0.99
226,Guild Member Special Lv. 22,0.99,$,Guild Member Special Lv. 22,0.99,0.99
227,Guild Member Special Lv. 23,0.99,$,Guild Member Special Lv. 23,0.99,0.99
228,Guild Member Special Lv. 24,0.99,$,Guild Member Special Lv. 24,0.99,0.99
229,Guild Member Special Lv. 25,0.99,$,Guild Member Special Lv. 25,0.99,0.99
230,Guild Member Special Lv. 26,0.99,$,Guild Member Special Lv. 26,0.99,0.99
231,Guild Member Special Lv. 27,0.99,$,Guild Member Special Lv. 27,0.99,0.99
232,Guild Member Special Lv. 28,0.99,$,Guild Member Special Lv. 28,0.99,0.99
233,Guild Member Special Lv. 29,0.99,$,Guild Member Special Lv. 29,0.99,0.99
234,Guild Member Special Lv. 30,0.99,$,Guild Member Special Lv. 30,0.99,0.99
235,Guild Special Lv. 10,29.99,$,Guild Special Lv. 10,29.99,29.99
236,Guild Special Lv. 11,29.99,$,Guild Special Lv. 11,29.99,29.99
237,Guild Special Lv. 12,29.99,$,Guild Special Lv. 12,29.99,29.99
238,Guild Special Lv. 13,29.99,$,Guild Special Lv. 13,29.99,29.99
239,Guild Special Lv. 14,29.99,$,Guild Special Lv. 14,29.99,29.99
240,Guild Special Lv. 15,29.99,$,Guild Special Lv. 15,29.99,29.99
241,Guild Special Lv. 16,29.99,$,Guild Special Lv. 16,29.99,29.99
242,Guild Special Lv. 17,29.99,$,Guild Special Lv. 17,29.99,29.99
243,Guild Special Lv. 18,29.99,$,Guild Special Lv. 18,29.99,29.99
244,Guild Special Lv. 19,29.99,$,Guild Special Lv. 19,29.99,29.99
245,Guild Special Lv. 20,29.99,$,Guild Special Lv. 20,29.99,29.99
246,Guild Special Lv. 21,29.99,$,Guild Special Lv. 21,29.99,29.99
247,Guild Special Lv. 22,29.99,$,Guild Special Lv. 22,29.99,29.99
248,Guild Special Lv. 23,29.99,$,Guild Special Lv. 23,29.99,29.99
249,Guild Special Lv. 24,29.99,$,Guild Special Lv. 24,29.99,29.99
250,Guild Special Lv. 25,29.99,$,Guild Special Lv. 25,29.99,29.99
251,Guild Special Lv. 26,29.99,$,Guild Special Lv. 26,29.99,29.99
252,Guild Special Lv. 27,29.99,$,Guild Special Lv. 27,29.99,29.99
253,Guild Special Lv. 28,29.99,$,Guild Special Lv. 28,29.99,29.99
254,Guild Special Lv. 29,29.99,$,Guild Special Lv. 29,29.99,29.99
255,Guild Special Lv. 30,29.99,$,Guild Special Lv. 30,29.99,29.99
256,Guild Member Special Lv. 4,0.99,$,Guild Member Special Lv. 4,0.99,0.99
257,Guild Member Special Lv. 5,0.99,$,Guild Member Special Lv. 5,0.99,0.99
258,Guild Member Special Lv. 6,0.99,$,Guild Member Special Lv. 6,0.99,0.99
259,Guild Member Special Lv. 7,0.99,$,Guild Member Special Lv. 7,0.99,0.99
260,Guild Member Special Lv. 8,0.99,$,Guild Member Special Lv. 8,0.99,0.99
261,Guild Member Special Lv. 9,0.99,$,Guild Member Special Lv. 9,0.99,0.99
262,Guild Special Lv. 4,29.99,$,Guild Special Lv. 4,29.99,29.99
263,Guild Special Lv. 5,29.99,$,Guild Special Lv. 5,29.99,29.99
264,Guild Special Lv. 6,29.99,$,Guild Special Lv. 6,29.99,29.99
265,Guild Special Lv. 7,29.99,$,Guild Special Lv. 7,29.99,29.99
266,Guild Special Lv. 8,29.99,$,Guild Special Lv. 8,29.99,29.99
267,Guild Special Lv. 9,29.99,$,Guild Special Lv. 9,29.99,29.99
268,Program Pack 1,1.99,$,Program Pack 1,1.99,1.99
269,Program Pack 2,1.99,$,Program Pack 2,1.99,1.99
270,Program Pack 3,4.99,$,Program Pack 3,4.99,4.99
271,Program Pack 4,9.99,$,Program Pack 4,9.99,9.99
275,Daily Pack 7,1.99,$,Daily Pack,1.99,1.99
276,Magical Supplies 1,19.99,$,Magical Supplies,19.99,19.99
277,Magical Supplies 2,49.99,$,Magical Supplies,49.99,49.99
278,Magical Supplies 3,49.99,$,Magical Supplies,49.99,49.99
279,Customization Pack 1,49.99,$,Customization Pack,49.99,49.99
280,Customization Pack 2,9.99,$,Customization Pack,9.99,9.99
281,Customization Pack 3,4.99,$,Customization Pack,4.99,4.99
282,Monthly Pass,4.99,$,Monthly Pass - First Purchase Discount,4.99,4.99
283,Mini Pass,0.99,$,Mini Pass - First Purchase Discount,0.99,0.99
284,Test Fund 4,29.99,$,Test Fund 4,29.99,29.99
285,Bizarre Supply (Special Offer),9.99,$,Bizarre Supply (Special Offer),9.99,9.99
286,Bizarre Supply 1,1.99,$,Bizarre Supply 1,1.99,1.99
287,Bizarre Supply 2,19.99,$,Bizarre Supply 2,19.99,19.99
288,Bizarre Supply 3,29.99,$,Bizarre Supply 3,29.99,29.99
289,Bizarre Supply 4,49.99,$,Bizarre Supply 4,49.99,49.99
290,Bizarre Supply 5,69.99,$,Bizarre Supply 5,69.99,69.99
293,Program Pack 1,0.99,$,Program Pack 1,0.99,0.99
294,Program Pack 2,1.99,$,Program Pack 2,1.99,1.99
295,Program Pack 3,4.99,$,Program Pack 3,4.99,4.99
296,Program Pack 4,9.99,$,Program Pack 4,9.99,9.99
297,Guild Limited Pack,19.99,$,Guild Limited Pack,19.99,19.99
299,Return Customized Growth Pack 1,19.99,$,Return Customized Growth Pack 1,19.99,19.99
300,Return Customized Growth Pack 2,29.99,$,Return Customized Growth Pack 2,29.99,29.99
301,Return Support,19.99,$,Return Support,19.99,19.99
302,Monthly Pass - Return,1.99,$,Monthly Pass - Return,1.99,1.99
303,Monthly Event Deluxe Pass - Return,0.99,$,Monthly Event Deluxe Pass - Return,0.99,0.99
304,5th Anniversary Special Pack,4.99,$,5th Anniversary Special Pack,4.99,4.99
305,5th Anniversary Special Pack,9.99,$,5th Anniversary Special Pack,9.99,9.99
306,Summer Pack 1,14.99,$,Summer Pack,14.99,14.99
307,Summer Pack 2,49.99,$,Summer Pack,49.99,49.99
308,Summer Pack 3,29.99,$,Summer Pack,29.99,29.99
309,Summer Pack 4,9.99,$,Summer Pack,9.99,9.99
310,Summer Pack 5,1.99,$,Summer Pack,1.99,1.99
311,Summer Pack 6,0.99,$,Summer Pack,0.99,0.99
312,Outfit Sale Pack 1,1.99,$,Outfit Sale Pack 1,1.99,1.99
313,Outfit Sale Pack 2,4.99,$,Outfit Sale Pack 2,4.99,4.99
314,Outfit Sale Pack 3,9.99,$,Outfit Sale Pack 3,9.99,9.99
315,Outfit Sale Pack 4,29.99,$,Outfit Sale Pack 4,29.99,29.99
316,Outfit Sale Pack 5,49.99,$,Outfit Sale Pack 5,49.99,49.99
317,Red Riding\nHood's Gift,4.99,$,Red Riding\nHood's Gift,4.99,4.99
318,Red Riding Hood's Gift,9.99,$,Red Riding\nHood's Gift,9.99,9.99
319,Vampire's Tea Time Special Pack,9.99,$,Vampire's Tea Time Special Pack,9.99,9.99
320,Beginner's Capsule,9.99,$,Beginner's Capsule,9.99,9.99
321,Beginner Funds,9.99,$,Beginner Funds,9.99,9.99
322,Halloween Surprise 1,14.99,$,Halloween Surprise 1,14.99,14.99
323,Halloween Surprise 2,29.99,$,Halloween Surprise 2,29.99,29.99
324,Halloween Surprise 3,69.99,$,Halloween Surprise 3,69.99,69.99
326,Wishing Fountain Supply 1,9.99,$,Wishing Fountain Supply 1,9.99,9.99
327,Wishing Fountain Supply 2,49.99,$,Wishing Fountain Supply 2,49.99,49.99
328,Raider's Supply 1,1.99,$,Raider's Supply 1,1.99,1.99
329,Raider's Supply 2,4.99,$,Raider's Supply 2,4.99,4.99
330,Raider's Supply 3,19.99,$,Raider's Supply 3,19.99,19.99
331,Raider's Supply 4,29.99,$,Raider's Supply 4,29.99,29.99
332,Raider's Supply 5,49.99,$,Raider's Supply 5,49.99,49.99
333,Raider's Supply 6,49.99,$,Raider's Supply 6,49.99,49.99
334,Thanksgiving Feast Pack 1,0.99,$,Thanksgiving Feast Pack 1,0.99,0.99
335,Thanksgiving Feast Pack 2,4.99,$,Thanksgiving Feast Pack 2,4.99,4.99
336,Thanksgiving Feast Pack 3,29.99,$,Thanksgiving Feast Pack 3,29.99,29.99
337,Advent Calendar Gift Pack 1,0.99,$,Advent Calendar Gift Pack 1,0.99,0.99
338,Advent Calendar Gift Pack 2,1.99,$,Advent Calendar Gift Pack 2,1.99,1.99
339,Advent Calendar Gift Pack 3,0.99,$,Advent Calendar Gift Pack 3,0.99,0.99
340,Advent Calendar Gift Pack 4,4.99,$,Advent Calendar Gift Pack 4,4.99,4.99
341,Advent Calendar Gift Pack 5,0.99,$,Advent Calendar Gift Pack 5,0.99,0.99
342,Advent Calendar Gift Pack 6,1.99,$,Advent Calendar Gift Pack 6,1.99,1.99
343,Advent Calendar Gift Pack 7,0.99,$,Advent Calendar Gift Pack 7,0.99,0.99
344,Advent Calendar Gift Pack 8,4.99,$,Advent Calendar Gift Pack 8,4.99,4.99
345,Jackpot Support Pack 1,4.99,$,Jackpot Support Pack 1,4.99,4.99
346,Training Plan,19.99,$,Training Plan,19.99,19.99
347,Jackpot Support Pack 2,9.99,$,Jackpot Support Pack 2,9.99,9.99
348,Monthly Pack Discount 1,0.99,$,Monthly Pack Discount 1,0.99,0.99
349,Monthly Pack Discount 2,1.99,$,Monthly Pack Discount 2,1.99,1.99
350,Monthly Pack Discount 3,9.99,$,Monthly Pack Discount 3,9.99,9.99
351,Monthly Pack Discount 4,9.99,$,Monthly Pack Discount 4,9.99,9.99
352,Monthly Pack Discount 5,19.99,$,Monthly Pack Discount 5,19.99,19.99
353,Monthly Pack Discount 7,29.99,$,Monthly Pack Discount 7,29.99,29.99
354,Weekly Pack Discount 1,1.99,$,Weekly Pack Discount 1,1.99,1.99
355,Weekly Pack Discount 2,4.99,$,Weekly Pack Discount 2,4.99,4.99
356,Weekly Pack Discount 3,9.99,$,Weekly Pack Discount 3,9.99,9.99
357,Weekly Pack Discount 4,19.99,$,Weekly Pack Discount 4,19.99,19.99
358,Weekly Pack Discount 5,19.99,$,Weekly Pack Discount 5,19.99,19.99
359,Weekly Pack Discount 6,29.99,$,Weekly Pack Discount 6,29.99,29.99
360,Monthly Pass Discount,4.99,$,Monthly Pass Discount,4.99,4.99
361,Mini Pass Discount,0.99,$,Mini Pass Discount,0.99,0.99
362,Monthly Pack Discount 1,0.99,$,Monthly Pack Discount 1,0.99,0.99
363,Monthly Pack Discount 2,1.99,$,Monthly Pack Discount 2,1.99,1.99
364,Monthly Pack Discount 3,9.99,$,Monthly Pack Discount 3,9.99,9.99
365,Monthly Pack Discount 4,9.99,$,Monthly Pack Discount 4,9.99,9.99
366,Monthly Pack Discount 5,19.99,$,Monthly Pack Discount 5,19.99,19.99
367,Monthly Pack Discount 6,19.99,$,Monthly Pack Discount 6,19.99,19.99
368,Monthly Pack Discount 7,29.99,$,Monthly Pack Discount 7,29.99,29.99
369,Weekly Pack Discount 1,1.99,$,Weekly Pack Discount 1,1.99,1.99
370,Weekly Pack Discount 2,4.99,$,Weekly Pack Discount 2,4.99,4.99
371,Weekly Pack Discount 3,9.99,$,Weekly Pack Discount 3,9.99,9.99
372,Weekly Pack Discount 4,19.99,$,Weekly Pack Discount 4,19.99,19.99
373,Weekly Pack Discount 6,29.99,$,Weekly Pack Discount 6,29.99,29.99
374,Monthly Pack Discount 6,19.99,$,Monthly Pack Discount 6,19.99,19.99
375,Weekly Pack Discount 5,19.99,$,Weekly Pack Discount 5,19.99,19.99
376,Daily Pack Discount 1,0.99,$,Daily Pack Discount 1,0.99,0.99
377,Daily Pack Discount 2,0.99,$,Daily Pack Discount 2,0.99,0.99
378,Daily Pack Discount 3,0.99,$,Daily Pack Discount 3,0.99,0.99
379,Daily Pack Discount 4,0.99,$,Daily Pack Discount 4,0.99,0.99
380,Daily Pack Discount 5,0.99,$,Daily Pack Discount 5,0.99,0.99
381,Daily Pack Discount 6,0.99,$,Daily Pack Discount 6,0.99,0.99
382,Daily Pack Discount 1,0.99,$,Daily Pack Discount 1,0.99,0.99
383,Daily Pack Discount 2,0.99,$,Daily Pack Discount 2,0.99,0.99
384,Daily Pack Discount 3,0.99,$,Daily Pack Discount 3,0.99,0.99
385,Daily Pack Discount 4,0.99,$,Daily Pack Discount 4,0.99,0.99
386,Daily Pack Discount 5,0.99,$,Daily Pack Discount 5,0.99,0.99
387,Daily Pack Discount 6,0.99,$,Daily Pack Discount 6,0.99,0.99
388,Sanctuary Privilege Discount,0.99,$,Sanctuary Privilege Discount,0.99,0.99
389,Patrol Privilege Discount,0.99,$,Patrol Privilege Discount,0.99,0.99
390,Daily Pack Discount 7,0.99,$,Daily Pack Discount 7,0.99,0.99
391,Daily Pack Discount 7,0.99,$,Daily Pack Discount 7,0.99,0.99
392,Lucky Dips Pack 1,1.99,$,Lucky Dips Pack 1,1.99,1.99
393,Lucky Dips Pack 2,4.99,$,Lucky Dips Pack 2,4.99,4.99
394,Lucky Dips Pack,9.99,$,Lucky Dips Pack,9.99,9.99
395,Lucky Dips Pack 4,19.99,$,Lucky Dips Pack 4,19.99,19.99
396,Lucky Dips Pack 5,29.99,$,Lucky Dips Pack 5,29.99,29.99
397,Lucky Dips Pack 6,49.99,$,Lucky Dips Pack 6,49.99,49.99
398,Beginner's Limited Capsule Pack,4.99,$,Beginner's Limited Capsule Pack,4.99,4.99
399,Beginner's Limited Capsule Pack,19.99,$,Beginner's Limited Capsule Pack,19.99,19.99
400,Beginner's Limited Capsule Pack,29.99,$,Beginner's Limited Capsule Pack,29.99,29.99
401,Special Skin Pack 1,1.99,$,Special Skin Pack,1.99,1.99
402,Special Skin Pack 2,29.99,$,Special Skin Pack,29.99,29.99
403,Honor Requests Gift,14.99,$,Honor Requests Gift,14.99,14.99
404,Beginner's Capsule,19.99,$,Beginner's Capsule,19.99,19.99
405,Weekly Pack 7,19.99,$,Weekly Pack,19.99,19.99
406,Monthly Pack 8,49.99,$,Monthly Pack,49.99,49.99
407,Value Pack 1,49.99,$,Value Pack,49.99,49.99
408,Value Pack 2,49.99,$,Value Pack,49.99,49.99
409,Value Pack 3,29.99,$,Value Pack,29.99,29.99
410,Value Pack 4,14.99,$,Value Pack,14.99,14.99
411,Value Pack 5,4.99,$,Value Pack,4.99,4.99
412,Value Pack 6,1.99,$,Value Pack,1.99,1.99
413,April Fools Pack 1,4.99,$,April Fools Pack,4.99,4.99
414,April Fools Pack 2,29.99,$,April Fools Pack,29.99,29.99
415,April Fools Pack 3,49.99,$,April Fools Pack,49.99,49.99
416,Capsule Simulator Pack 1,1.99,$,Capsule Simulator Pack 1,1.99,1.99
417,Capsule Simulator Pack 2,4.99,$,Capsule Simulator Pack 2,4.99,4.99
418,Capsule Simulator Pack 3,9.99,$,Capsule Simulator Pack 3,9.99,9.99
419,Capsule Simulator Pack 4,29.99,$,Capsule Simulator Pack 4,29.99,29.99
420,Sanctuary Pass,9.99,$,Sanctuary Pass,9.99,9.99
421,Gift Pack Relay 1,1.99,$,Gift Pack Relay 1,1.99,1.99
422,Gift Pack Relay 3,0.99,$,Gift Pack Relay 3,0.99,0.99
423,Gift Pack Relay 4,9.99,$,Gift Pack Relay 4,9.99,9.99
424,Gift Pack Relay 6,0.99,$,Gift Pack Relay 6,0.99,0.99
425,Gift Pack Relay 7,9.99,$,Gift Pack Relay 7,9.99,9.99
426,Gift Pack Relay 9,29.99,$,Gift Pack Relay 9,29.99,29.99
427,Spaceship Supplies,19.99,$,Spaceship Supplies,19.99,19.99
428,Test Fund 5,49.99,$,Test Fund 5,49.99,49.99
429,Fair Supplies 1,49.99,$,Fair Supplies 1,49.99,49.99
430,Fair Supplies 2,29.99,$,Fair Supplies 2,29.99,29.99
431,Fair Supplies 4,4.99,$,Fair Supplies 4,4.99,4.99
432,Gift of the Stars 1,49.99,$,Gift of the Stars,49.99,49.99
433,Gift of the Stars 2,29.99,$,Gift of the Stars,29.99,29.99
434,Starlight Pack 1,49.99,$,Starlight Pack,49.99,49.99
435,Starlight Pack 2,29.99,$,Starlight Pack,29.99,29.99
436,Starlight Pack 3,9.99,$,Starlight Pack,9.99,9.99
437,Starlight Pack 4,4.99,$,Starlight Pack,4.99,4.99
438,Special Offer,9.99,$,Special Offer,9.99,9.99
439,Dimensional Supply 1,4.99,$,Dimensional Supply,4.99,4.99
440,Dimensional Supply 2,19.99,$,Dimensional Supply,19.99,19.99
441,Dimensional Supply 3,29.99,$,Dimensional Supply,29.99,29.99
442,Dimensional Supply 4,49.99,$,Dimensional Supply,49.99,49.99
443,Red Riding Hood's Gift,29.99,$,Red Riding Hood's Gift,29.99,29.99
444,Anniversary Sign In Pack 1,0.99,$,Anniversary Sign In Pack 1,0.99,0.99
445,Anniversary Sign In Pack 2,4.99,$,Anniversary Sign In Pack 2,4.99,4.99
446,Anniversary Sign In Pack 3,1.99,$,Anniversary Sign In Pack 3,1.99,1.99
447,Anniversary Sign In Pack 4,9.99,$,Anniversary Sign In Pack 4,9.99,9.99
448,Lucky Chime Pack,19.99,$,Lucky Chime Pack,19.99,19.99
449,Lucky Chime Pack 1,49.99,$,Lucky Chime Pack,49.99,49.99
450,Lucky Chime Pack 2,29.99,$,Lucky Chime Pack,29.99,29.99
451,Lucky Chime Pack 3,9.99,$,Lucky Chime Pack,9.99,9.99
452,Lucky Chime Pack 4,4.99,$,Lucky Chime Pack,4.99,4.99
453,Cupid's Gift 1,4.99,$,Cupid's Gift,4.99,4.99
454,Cupid's Gift 2,4.99,$,Cupid's Gift,4.99,4.99
455,Cupid's Gift 3,9.99,$,Cupid's Gift,9.99,9.99
456,Midsummer Invitation,14.99,$,Midsummer Invitation,14.99,14.99
457,Beach Supply 1,49.99,$,Beach Supply,49.99,49.99
458,Beach Supply 2,29.99,$,Beach Supply,29.99,29.99
459,Beach Supply 3,9.99,$,Beach Supply,9.99,9.99
460,Beach Supply 4,4.99,$,Beach Supply,4.99,4.99
461,Beach Supply 5,1.99,$,Beach Supply,1.99,1.99
462,Beach Supply 6,0.99,$,Beach Supply,0.99,0.99
463,Summer Sale,29.99,$,Cupid's Gift,29.99,29.99
464,Voyager Passport,9.99,$,Voyager Passport,9.99,9.99
465,Master Designer Pack 1,4.99,$,Master Designer Pack 1,4.99,4.99
466,Master Designer Pack 2,9.99,$,Master Designer Pack 2,9.99,9.99
467,Master Designer Pack 3,29.99,$,Master Designer Pack 3,29.99,29.99
468,Voyager Passport,9.99,$,Voyager Passport,9.99,9.99
469,Master Designer Pack 4,49.99,$,Master Designer Pack 4,49.99,49.99
470,Fair Supplies 3,19.99,$,Fair Supplies 3,19.99,19.99
471,Battery Supply Pack 1,1.99,$,Battery Supply Pack,1.99,1.99
472,Battery Supply Pack 2,4.99,$,Battery Supply Pack,4.99,4.99
473,Battery Supply Pack 3,19.99,$,Battery Supply Pack,19.99,19.99
474,Battery Supply Pack 4,29.99,$,Battery Supply Pack,29.99,29.99
475,Deep Sea Treasures Pack,29.99,$,Deep Sea Treasures Pack,29.99,29.99
476,Battery Supply Pack 5,49.99,$,Battery Supply Pack,49.99,49.99
477,Soul Pass,9.99,$,Soul Pass,9.99,9.99
478,Upgrade Booster Pack 1,1.99,$,Upgrade Booster Pack 1,1.99,1.99
479,Halloween Contribution Pack,0.99,$,Halloween Contribution Pack 1,0.99,0.99
480,Blind Box Bonus - Fancy Box,14.99,$,Blind Box Bonus - Fancy Box,14.99,14.99
481,Blind Box Bonus - Deluxe Box,29.99,$,Blind Box Bonus - Deluxe Box,29.99,29.99
482,Upgrade Booster Pack 3,0.99,$,Upgrade Booster Pack 3,0.99,0.99
483,Upgrade Booster Pack 4,9.99,$,Upgrade Booster Pack 4,9.99,9.99
484,Upgrade Booster Pack 6,0.99,$,Upgrade Booster Pack 6,0.99,0.99
485,Upgrade Booster Pack 7,19.99,$,Upgrade Booster Pack 7,19.99,19.99
486,Upgrade Booster Pack 9,49.99,$,Upgrade Booster Pack 9,49.99,49.99
487,Halloween Contribution Pack 2,1.99,$,Halloween Contribution Pack 2,1.99,1.99
488,Halloween Contribution Pack 3,4.99,$,Halloween Contribution Pack 3,4.99,4.99
489,Halloween Contribution Pack 4,9.99,$,Halloween Contribution Pack 4,9.99,9.99
490,Halloween Contribution Pack 5,19.99,$,Halloween Contribution Pack 5,19.99,19.99
491,Starry Bonus Pack,19.99,$,Starry Bonus Pack,19.99,19.99
492,Bubble Treasures Pack 1,0.99,$,Bubble Treasures Pack 1,0.99,0.99
493,Bubble Treasures Pack 2,0.99,$,Bubble Treasures Pack 2,0.99,0.99
494,Bubble Treasures Pack 3,3.99,$,Bubble Treasures Pack 3,3.99,3.99
495,Bubble Treasures Pack 4,1.99,$,Bubble Treasures Pack 4,1.99,1.99
496,Bubble Treasures Pack 5,4.99,$,Bubble Treasures Pack 5,4.99,4.99
497,Bubble Treasures Pack 6,4.99,$,Bubble Treasures Pack 6,4.99,4.99
498,Newcomer Support Pack,19.99,$,Newcomer Support Pack,19.99,19.99
499,Hermes' Special 1,14.99,$,Hermes' Special,14.99,14.99
500,Hermes' Special 2,29.99,$,Hermes' Special,29.99,29.99
501,Hermes' Special 3,69.99,$,Hermes' Special,69.99,69.99
502,Hermes' Special 1,14.99,$,Hermes' Special,14.99,14.99
503,Hermes' Special 2,29.99,$,Hermes' Special,29.99,29.99
504,Hermes' Special 3,69.99,$,Hermes' Special,69.99,69.99
10116,Count's Mystery Gift 1,4.99,$,Count's Mystery Gift 1,4.99,4.99
10117,Count's Mystery Gift 2,19.99,$,Count's Mystery Gift 2,19.99,19.99
10118,Count's Mystery Gift 3,29.99,$,Count's Mystery Gift 3,29.99,29.99
10119,Count's Mystery Gift 4,49.99,$,Count's Mystery Gift 4,49.99,49.99
10148,Count's Mystery Gift 5,69.99,$,Count's Mystery Gift 5,69.99,69.99
1010101,LV 24 pack,0.99,$,LV 24 pack,0.99,0.99
1010201,LV 32 pack,1.99,$,LV 32 pack,1.99,1.99
1010301,LV 48 pack,4.99,$,LV 48 pack,4.99,4.99
1010401,LV 58 pack,4.99,$,LV 58 pack,4.99,4.99
1010402,LV 58 pack,19.99,$,LV 58 pack,19.99,19.99
1010403,LV 58 pack,29.99,$,LV 58 pack,29.99,29.99
1010404,LV 58 pack,49.99,$,LV 58 pack,49.99,49.99
1010501,LV 78 pack,4.99,$,LV 78 pack,4.99,4.99
1010502,LV 78 pack,19.99,$,LV 78 pack,19.99,19.99
1010503,LV 78 pack,29.99,$,LV 78 pack,29.99,29.99
1010504,LV 78 pack,49.99,$,LV 78 pack,49.99,49.99
1010601,LV 100 pack,4.99,$,LV 100 pack,4.99,4.99
1010602,LV 100 pack,19.99,$,LV 100 pack,19.99,19.99
1010603,LV 100 pack,29.99,$,LV 100 pack,29.99,29.99
1010604,LV 100 pack,49.99,$,LV 100 pack,49.99,49.99
1010701,LV 125 pack,4.99,$,LV 125 pack,4.99,4.99
1010702,LV 125 pack,19.99,$,LV 125 pack,19.99,19.99
1010703,LV 125 pack,29.99,$,LV 125 pack,29.99,29.99
1010704,LV 125 pack,49.99,$,LV 125 pack,49.99,49.99
1010801,LV 150 pack,4.99,$,LV 150 pack,4.99,4.99
1010802,LV 150 pack,19.99,$,LV 150 pack,19.99,19.99
1010803,LV 150 pack,29.99,$,LV 150 pack,29.99,29.99
1010804,LV 150 pack,49.99,$,LV 150 pack,49.99,49.99
1010901,LV 175 pack,4.99,$,LV 175 pack,4.99,4.99
1010902,LV 175 pack,19.99,$,LV 175 pack,19.99,19.99
1010903,LV 175 pack,29.99,$,LV 175 pack,29.99,29.99
1010904,LV 175 pack,49.99,$,LV 175 pack,49.99,49.99
1011001,LV 200 pack,4.99,$,LV 200 pack,4.99,4.99
1011002,LV 200 pack,19.99,$,LV 200 pack,19.99,19.99
1011003,LV 200 pack,29.99,$,LV 200 pack,29.99,29.99
1011004,LV 200 pack,49.99,$,LV 200 pack,49.99,49.99
1030101,Training Pack,1.99,$,Training Pack,1.99,1.99
1030102,Training Pack,4.99,$,Training Pack,4.99,4.99
1030103,Training Pack,9.99,$,Training Pack,9.99,9.99
1040101,Training Pack,4.99,$,Training Pack,4.99,4.99
1040102,Training Pack,9.99,$,Training Pack,9.99,9.99
1040103,Training Pack,19.99,$,Training Pack,19.99,19.99
1050101,EXP Booster,1.99,$,EXP Booster,1.99,1.99
1050102,EXP Booster,4.99,$,EXP Booster,4.99,4.99
1050103,EXP Booster,9.99,$,EXP Booster,9.99,9.99
1050104,EXP Booster,19.99,$,EXP Booster,19.99,19.99
1050105,EXP Booster,29.99,$,EXP Booster,29.99,29.99
1050106,EXP Booster,49.99,$,EXP Booster,49.99,49.99
1050107,EXP Booster,49.99,$,EXP Booster,49.99,49.99
1060101,Coin Booster,1.99,$,Coin Booster,1.99,1.99
1060102,Coin Booster,4.99,$,Coin Booster,4.99,4.99
1060103,Coin Booster,9.99,$,Coin Booster,9.99,9.99
1060104,Coin Booster,19.99,$,Coin Booster,19.99,19.99
1060105,Coin Booster,29.99,$,Coin Booster,29.99,29.99
1060106,Coin Booster,49.99,$,Coin Booster,49.99,49.99
1060107,Coin Booster,49.99,$,Coin Booster,49.99,49.99
1070101,Stage Pack,0.99,$,Stage Pack,0.99,0.99
1070102,Stage Pack,0.99,$,Stage Pack,0.99,0.99
1070103,Stage Pack,1.99,$,Stage Pack,1.99,1.99
1070201,Stage Pack,4.99,$,Stage Pack,4.99,4.99
1070202,Stage Pack,9.99,$,Stage Pack,9.99,9.99
1070203,Stage Pack,19.99,$,Stage Pack,19.99,19.99
1070301,Stage Pack,4.99,$,Stage Pack,4.99,4.99
1070302,Stage Pack,9.99,$,Stage Pack,9.99,9.99
1070303,Stage Pack,29.99,$,Stage Pack,29.99,29.99
1070401,Stage Pack,4.99,$,Stage Pack,4.99,4.99
1070402,Stage Pack,9.99,$,Stage Pack,9.99,9.99
1070403,Stage Pack,19.99,$,Stage Pack,19.99,19.99
1070501,Stage Pack,4.99,$,Stage Pack,4.99,4.99
1070502,Stage Pack,9.99,$,Stage Pack,9.99,9.99
1070503,Stage Pack,19.99,$,Stage Pack,19.99,19.99
1070601,Stage Pack,4.99,$,Stage Pack,4.99,4.99
1070602,Stage Pack,9.99,$,Stage Pack,9.99,9.99
1070603,Stage Pack,29.99,$,Stage Pack,29.99,29.99
1070701,Stage Pack,4.99,$,Stage Pack,4.99,4.99
1070702,Stage Pack,9.99,$,Stage Pack,9.99,9.99
1070703,Stage Pack,19.99,$,Stage Pack,19.99,19.99
1070801,Stage Pack,4.99,$,Stage Pack,4.99,4.99
1070802,Stage Pack,9.99,$,Stage Pack,9.99,9.99
1070803,Stage Pack,19.99,$,Stage Pack,19.99,19.99
1071001,Stage Pack -1-12,0.99,$,Stage Pack,0.99,0.99
1071002,Stage Pack -1-12,1.99,$,Stage Pack,1.99,1.99
1071101,Stage Pack -2-10,0.99,$,Stage Pack,0.99,0.99
1071102,Stage Pack -2-10,1.99,$,Stage Pack,1.99,1.99
1080101,Test Booster,4.99,$,Test Booster,4.99,4.99
1080102,Test Booster,9.99,$,Test Booster,9.99,9.99
1080103,Test Booster,19.99,$,Test Booster,19.99,19.99
1080201,Test Booster,4.99,$,Test Booster,4.99,4.99
1080202,Test Booster,9.99,$,Test Booster,9.99,9.99
1080203,Test Booster,19.99,$,Test Booster,19.99,19.99
1080301,Test Booster,4.99,$,Test Booster,4.99,4.99
1080302,Test Booster,9.99,$,Test Booster,9.99,9.99
1080303,Test Booster,19.99,$,Test Booster,19.99,19.99
1080401,Test Booster,4.99,$,Test Booster,4.99,4.99
1080402,Test Booster,9.99,$,Test Booster,9.99,9.99
1080403,Test Booster,19.99,$,Test Booster,19.99,19.99
1080501,Test Booster,4.99,$,Test Booster,4.99,4.99
1080502,Test Booster,9.99,$,Test Booster,9.99,9.99
1080503,Test Booster,29.99,$,Test Booster,29.99,29.99
1080601,Test Booster,4.99,$,Test Booster,4.99,4.99
1080602,Test Booster,9.99,$,Test Booster,9.99,9.99
1080603,Test Booster,29.99,$,Test Booster,29.99,29.99
1080701,Test Booster,4.99,$,Test Booster,4.99,4.99
1080702,Test Booster,9.99,$,Test Booster,9.99,9.99
1080703,Test Booster,19.99,$,Test Booster,19.99,19.99
1080801,Test Booster,4.99,$,Test Booster,4.99,4.99
1080802,Test Booster,9.99,$,Test Booster,9.99,9.99
1080803,Test Booster,29.99,$,Test Booster,29.99,29.99
1080901,Test Booster,4.99,$,Test Booster,4.99,4.99
1080902,Test Booster,9.99,$,Test Booster,9.99,9.99
1080903,Test Booster,29.99,$,Test Booster,29.99,29.99
1081001,Test Booster,4.99,$,Test Booster,4.99,4.99
1081002,Test Booster,9.99,$,Test Booster,9.99,9.99
1081003,Test Booster,29.99,$,Test Booster,29.99,29.99
1081101,Test Booster,4.99,$,Test Booster,4.99,4.99
1081102,Test Booster,9.99,$,Test Booster,9.99,9.99
1081103,Test Booster,29.99,$,Test Booster,29.99,29.99
1081201,Test Booster,4.99,$,Test Booster,4.99,4.99
1081202,Test Booster,9.99,$,Test Booster,9.99,9.99
1081203,Test Booster,29.99,$,Test Booster,29.99,29.99
1081301,Test Booster,4.99,$,Test Booster,4.99,4.99
1081302,Test Booster,9.99,$,Test Booster,9.99,9.99
1081303,Test Booster,29.99,$,Test Booster,29.99,29.99
1090101,Capsule Bonus Pack,19.99,$,Capsule Bonus Pack,19.99,19.99
1090102,Capsule Bonus Pack,29.99,$,Capsule Bonus Pack,29.99,29.99
1090103,Capsule Bonus Pack,49.99,$,Capsule Bonus Pack,49.99,49.99
1090201,Capsule Bonus Pack,19.99,$,Capsule Bonus Pack,19.99,19.99
1090202,Capsule Bonus Pack,29.99,$,Capsule Bonus Pack,29.99,29.99
1090203,Capsule Bonus Pack,49.99,$,Capsule Bonus Pack,49.99,49.99
1090301,Capsule Bonus Pack,19.99,$,Capsule Bonus Pack,19.99,19.99
1090302,Capsule Bonus Pack,29.99,$,Capsule Bonus Pack,29.99,29.99
1090303,Capsule Bonus Pack,49.99,$,Capsule Bonus Pack,49.99,49.99
1100101,7-Star Training Pack,29.99,$,Training Pack,29.99,29.99
1100102,7-Star Training Pack,29.99,$,Training Pack,29.99,29.99
1100103,7-Star Training Pack,29.99,$,Training Pack,29.99,29.99
1100104,7-Star Training Pack,29.99,$,Training Pack,29.99,29.99
1100201,7-Star Training Pack,49.99,$,Training Pack,49.99,49.99
1100202,7-Star Training Pack,49.99,$,Training Pack,49.99,49.99
1100203,7-Star Training Pack,49.99,$,Training Pack,49.99,49.99
1100204,7-Star Training Pack,49.99,$,Training Pack,49.99,49.99
1100301,9-Star Training Pack 2,49.99,$,9-Star Training Pack,49.99,49.99
1100302,9-Star Training Pack 2,49.99,$,9-Star Training Pack,49.99,49.99
1100303,9-Star Training Pack 2,49.99,$,9-Star Training Pack,49.99,49.99
1100304,9-Star Training Pack 2,49.99,$,9-Star Training Pack,49.99,49.99
1100305,9-Star Training Pack 2,49.99,$,9-Star Training Pack,49.99,49.99
1100306,9-Star Training Pack 2,49.99,$,9-Star Training Pack,49.99,49.99
1100401,9-Star Training Pack 1,49.99,$,9-Star Training Pack,49.99,49.99
1100402,9-Star Training Pack 1,49.99,$,9-Star Training Pack,49.99,49.99
1100403,9-Star Training Pack 1,49.99,$,9-Star Training Pack,49.99,49.99
1100404,9-Star Training Pack 1,49.99,$,9-Star Training Pack,49.99,49.99
1100405,9-Star Training Pack 1,49.99,$,9-Star Training Pack,49.99,49.99
1100406,9-Star Training Pack 1,49.99,$,9-Star Training Pack,49.99,49.99
1200101,Crystal Chisel Supply,1.99,$,Crystal Chisel Supply,1.99,1.99
1200102,Crystal Chisel Supply,4.99,$,Crystal Chisel Supply,4.99,4.99
1200103,Crystal Chisel Supply,9.99,$,Crystal Chisel Supply,9.99,9.99
1200104,Crystal Chisel Supply,19.99,$,Crystal Chisel Supply,19.99,19.99
1200105,Crystal Chisel Supply,29.99,$,Crystal Chisel Supply,29.99,29.99
1300101,Lunchbox Supply,1.99,$,Lunchbox Supply,1.99,1.99
1300102,Lunchbox Supply,4.99,$,Lunchbox Supply,4.99,4.99
1300103,Lunchbox Supply,9.99,$,Lunchbox Supply,9.99,9.99
1300104,Lunchbox Supply,19.99,$,Lunchbox Supply,19.99,19.99
1300105,Lunchbox Supply,29.99,$,Lunchbox Supply,29.99,29.99
1400101,Servant Cookies Supply,1.99,$,Servant Cookies Supply,1.99,1.99
1400102,Servant Cookies Supply,4.99,$,Servant Cookies Supply,4.99,4.99
1400103,Servant Cookies Supply,19.99,$,Servant Cookies Supply,19.99,19.99
1400104,Servant Cookies Supply,29.99,$,Servant Cookies Supply,29.99,29.99
1400201,Servant Cookies Supply,1.99,$,Servant Cookies Supply,1.99,1.99
1400202,Servant Cookies Supply,4.99,$,Servant Cookies Supply,4.99,4.99
1400203,Servant Cookies Supply,19.99,$,Servant Cookies Supply,19.99,19.99
1400204,Servant Cookies Supply,29.99,$,Servant Cookies Supply,29.99,29.99
1400301,Servant Cookies Supply,1.99,$,Servant Cookies Supply,1.99,1.99
1400302,Servant Cookies Supply,4.99,$,Servant Cookies Supply,4.99,4.99
1400303,Servant Cookies Supply,19.99,$,Servant Cookies Supply,19.99,19.99
1400304,Servant Cookies Supply,29.99,$,Servant Cookies Supply,29.99,29.99
1500101,House Ghost Supply,9.99,$,House Ghost Supply,9.99,9.99
1500102,House Ghost Supply,19.99,$,House Ghost Supply,19.99,19.99
1500103,House Ghost Supply,29.99,$,House Ghost Supply,29.99,29.99
1500104,House Ghost Supply,49.99,$,House Ghost Supply,49.99,49.99
1500201,House Human Supply,9.99,$,House Human Supply,9.99,9.99
1500202,House Human Supply,19.99,$,House Human Supply,19.99,19.99
1500203,House Human Supply,29.99,$,House Human Supply,29.99,29.99
1500204,House Human Supply,49.99,$,House Human Supply,49.99,49.99
1500301,House Monster Supply,9.99,$,House Monster Supply,9.99,9.99
1500302,House Monster Supply,19.99,$,House Monster Supply,19.99,19.99
1500303,House Monster Supply,29.99,$,House Monster Supply,29.99,29.99
1500304,House Monster Supply,49.99,$,House Monster Supply,49.99,49.99
1500401,House Fairy Supply,9.99,$,House Fairy Supply,9.99,9.99
1500402,House Fairy Supply,19.99,$,House Fairy Supply,19.99,19.99
1500403,House Fairy Supply,29.99,$,House Fairy Supply,29.99,29.99
1500404,House Fairy Supply,49.99,$,House Fairy Supply,49.99,49.99
1500501,House Demon Supply,9.99,$,House Demon Supply,9.99,9.99
1500502,House Demon Supply,19.99,$,House Demon Supply,19.99,19.99
1500503,House Demon Supply,29.99,$,House Demon Supply,29.99,29.99
1500504,House Demon Supply,49.99,$,House Demon Supply,49.99,49.99
1500601,House Angel Supply,9.99,$,House Angel Supply,9.99,9.99
1500602,House Angel Supply,19.99,$,House Angel Supply,19.99,19.99
1500603,House Angel Supply,29.99,$,House Angel Supply,29.99,29.99
1500604,House Angel Supply,49.99,$,House Angel Supply,49.99,49.99
1600101,Estel's Development 1,1.99,$,Estel's Development 1,1.99,1.99
1600102,Estel's Development 2,9.99,$,Estel's Development 2,9.99,9.99
1600103,Estel's Development 3,29.99,$,Estel's Development 3,29.99,29.99
1600104,Estel's Development 4,29.99,$,Estel's Development 4,29.99,29.99
1600105,Estel's Development 5,29.99,$,Estel's Development 5,29.99,29.99
1600106,Estel's Development 6,29.99,$,Estel's Development 6,29.99,29.99
1600107,Estel's Development 7,49.99,$,Estel's Development 7,49.99,49.99
1700101,LV. 25 Customized Supply,0.99,$,LV. 25 Customized Supply,0.99,0.99
1700201,LV. 40 Customized Supply,1.99,$,LV. 40 Customized Supply,1.99,1.99
1700301,LV. 53 Customized Supply,4.99,$,LV. 53 Customized Supply,4.99,4.99
1700401,LV. 68 Customized Supply,9.99,$,LV. 68 Customized Supply,9.99,9.99
1700501,LV. 85 Customized Supply,19.99,$,LV. 85 Customized Supply,19.99,19.99
1700601,LV. 95 Customized Supply,19.99,$,LV. 95 Customized Supply,19.99,19.99
1700701,LV. 110 Customized Supply,29.99,$,LV. 110 Customized Supply,29.99,29.99
1700801,LV. 135 Customized Supply,49.99,$,LV. 135 Customized Supply,49.99,49.99
1700901,LV. 140 Customized Supply,49.99,$,LV. 140 Customized Supply,49.99,49.99
1701001,LV. 155 Customized Supply,49.99,$,LV. 155 Customized Supply,49.99,49.99
1701101,LV. 165 Customized Supply,49.99,$,LV. 165 Customized Supply,49.99,49.99
1701201,LV. 180 Customized Supply,49.99,$,LV. 180 Customized Supply,49.99,49.99
1701301,LV. 15 Customized Supply,0.99,$,LV. 15 Customized Supply,0.99,0.99
1701401,LV. 35 Customized Supply,1.99,$,LV. 35 Customized Supply,1.99,1.99
1701501,LV. 48 Customized Supply,4.99,$,LV. 48 Customized Supply,4.99,4.99
1701601,LV. 58 Customized Supply,19.99,$,LV. 58 Customized Supply,19.99,19.99
1701701,LV. 78 Customized Supply,19.99,$,LV. 78 Customized Supply,19.99,19.99
1701801,LV. 90 Customized Supply,19.99,$,LV. 90 Customized Supply,19.99,19.99
1701901,LV. 115 Customized Supply,19.99,$,LV. 115 Customized Supply,19.99,19.99
1702001,LV. 125 Customized Supply,19.99,$,LV. 125 Customized Supply,19.99,19.99
1702101,LV. 100 Customized Supply,29.99,$,LV. 100 Customized Supply,29.99,29.99
1702201,LV. 105 Customized Supply,29.99,$,LV. 105 Customized Supply,29.99,29.99
1702301,LV. 120 Customized Supply,29.99,$,LV. 120 Customized Supply,29.99,29.99
1702401,LV. 130 Customized Supply,29.99,$,LV. 130 Customized Supply,29.99,29.99
1702501,LV. 145 Customized Supply,29.99,$,LV. 145 Customized Supply,29.99,29.99
1702601,LV. 170 Customized Supply,29.99,$,LV. 170 Customized Supply,29.99,29.99
1702701,LV. 150 Customized Supply,49.99,$,LV. 150 Customized Supply,49.99,49.99
1702801,LV. 175 Customized Supply,49.99,$,LV. 175 Customized Supply,49.99,49.99
1702901,LV. 190 Customized Supply,49.99,$,LV. 190 Customized Supply,49.99,49.99
1703001,LV. 195 Customized Supply,49.99,$,LV. 195 Customized Supply,49.99,49.99
1703101,LV. 160 Customized Supply,49.99,$,LV. 160 Customized Supply,49.99,49.99
1703201,LV. 185 Customized Supply,49.99,$,LV. 185 Customized Supply,49.99,49.99
1703301,LV. 200 Customized Supply,49.99,$,LV. 200 Customized Supply,49.99,49.99
1709101,Customized\nSupply,19.99,$,Customized Supply,19.99,19.99
1709102,Customized Supply,49.99,$,Customized Supply,49.99,49.99
1709103,Customized Supply,49.99,$,Customized Supply,49.99,49.99
505,Test Fund 6,49.99,$,Test Fund 6,49.99,49.99
506,Test Fund 7,49.99,$,Test Fund 7,49.99,49.99
507,Test Fund 8,49.99,$,Test Fund 8,49.99,49.99
508,Test Fund 9,49.99,$,Test Fund 9,49.99,49.99
