id,name,brief,desc,name1,type,type_config,qlt,group,is_economy,stack_limit,level,icon,light_effect,gift_id,is_auto_open,equip,pub_scroll_type,partner_cost,treasure_cost,get_ways,go_window,getway_item,dropbox_show,is_sell,sell_price,summon_id,show_in_bag,show_bag_type,filter_type,show_in_forge,skin_id,collection_id,para,avatar_frame_effect,effect_mask,dress_id,clear_act
3100847,-1,-1,-1,-1,30,,5,,0,,,,,,,,,,,,,,,,,,0,,,,,80141,,,,,
3100848,-1,-1,-1,-1,30,,5,,0,,,,,,,,,,,,,,,,,,0,,,,,80141,,,,,
3100849,-1,-1,-1,-1,30,,5,,0,,,,,,,,,,,,,,,,,,0,,,,,80141,,,,,
3100850,-1,-1,-1,-1,30,,5,,0,,,,,,,,,,,,,,,,,,0,,,,,80141,,,,,
3100851,-1,-1,-1,-1,30,,5,,0,,,,,,,,,,,,,,,,,,0,,,,,80141,,,,,
3100852,-1,-1,-1,-1,30,,5,,0,,,,,,,,,,,,,,,,,,0,,,,,80141,,,,,
3100853,-1,-1,-1,-1,30,,5,,0,,,,,,,,,,,,,,,,,,0,,,,,80142,,,,,
3100854,-1,-1,-1,-1,30,,5,,0,,,,,,,,,,,,,,,,,,0,,,,,80142,,,,,
3100855,-1,-1,-1,-1,30,,5,,0,,,,,,,,,,,,,,,,,,0,,,,,80142,,,,,
3100856,-1,-1,-1,-1,30,,5,,0,,,,,,,,,,,,,,,,,,0,,,,,80142,,,,,
3100857,-1,-1,-1,-1,30,,5,,0,,,,,,,,,,,,,,,,,,0,,,,,80142,,,,,
3100858,-1,-1,-1,-1,30,,5,,0,,,,,,,,,,,,,,,,,,0,,,,,80142,,,,,
3100859,-1,-1,-1,-1,30,,5,,0,,,,,,,,,,,,,,,,,,0,,,,,80143,,,,,
3100860,-1,-1,-1,-1,30,,5,,0,,,,,,,,,,,,,,,,,,0,,,,,80143,,,,,
3100861,-1,-1,-1,-1,30,,5,,0,,,,,,,,,,,,,,,,,,0,,,,,80143,,,,,
3100862,-1,-1,-1,-1,30,,5,,0,,,,,,,,,,,,,,,,,,0,,,,,80143,,,,,
3100863,-1,-1,-1,-1,30,,5,,0,,,,,,,,,,,,,,,,,,0,,,,,80143,,,,,
3100864,-1,-1,-1,-1,30,,5,,0,,,,,,,,,,,,,,,,,,0,,,,,80143,,,,,
3100865,-1,-1,-1,-1,30,,5,,0,,,,,,,,,,,,,,,,,,0,,,,,80144,,,,,
3100866,-1,-1,-1,-1,30,,5,,0,,,,,,,,,,,,,,,,,,0,,,,,80144,,,,,
3100867,-1,-1,-1,-1,30,,5,,0,,,,,,,,,,,,,,,,,,0,,,,,80144,,,,,
3100868,-1,-1,-1,-1,30,,5,,0,,,,,,,,,,,,,,,,,,0,,,,,80144,,,,,
3100869,-1,-1,-1,-1,30,,5,,0,,,,,,,,,,,,,,,,,,0,,,,,80144,,,,,
3100870,-1,-1,-1,-1,30,,5,,0,,,,,,,,,,,,,,,,,,0,,,,,80144,,,,,
3100871,-1,-1,-1,-1,30,,5,,0,,,,,,,,,,,,,,,,,,0,,,,,80145,,,,,
3100872,-1,-1,-1,-1,30,,5,,0,,,,,,,,,,,,,,,,,,0,,,,,80145,,,,,
3100873,-1,-1,-1,-1,30,,5,,0,,,,,,,,,,,,,,,,,,0,,,,,80145,,,,,
3100874,-1,-1,-1,-1,30,,5,,0,,,,,,,,,,,,,,,,,,0,,,,,80145,,,,,
3100875,-1,-1,-1,-1,30,,5,,0,,,,,,,,,,,,,,,,,,0,,,,,80145,,,,,
3100876,-1,-1,-1,-1,30,,5,,0,,,,,,,,,,,,,,,,,,0,,,,,80145,,,,,
3100877,-1,-1,-1,-1,30,,5,,0,,,,,,,,,,,,,,,,,,0,,,,,80146,,,,,
3100878,-1,-1,-1,-1,30,,5,,0,,,,,,,,,,,,,,,,,,0,,,,,80146,,,,,
3100879,-1,-1,-1,-1,30,,5,,0,,,,,,,,,,,,,,,,,,0,,,,,80146,,,,,
3100880,-1,-1,-1,-1,30,,5,,0,,,,,,,,,,,,,,,,,,0,,,,,80146,,,,,
3100881,-1,-1,-1,-1,30,,5,,0,,,,,,,,,,,,,,,,,,0,,,,,80146,,,,,
3100882,-1,-1,-1,-1,30,,5,,0,,,,,,,,,,,,,,,,,,0,,,,,80146,,,,,
3100883,-1,-1,-1,-1,30,,5,,0,,,,,,,,,,,,,,,,,,0,,,,,80147,,,,,
3100884,-1,-1,-1,-1,30,,5,,0,,,,,,,,,,,,,,,,,,0,,,,,80147,,,,,
3100885,-1,-1,-1,-1,30,,5,,0,,,,,,,,,,,,,,,,,,0,,,,,80147,,,,,
3100886,-1,-1,-1,-1,30,,5,,0,,,,,,,,,,,,,,,,,,0,,,,,80147,,,,,
3100887,-1,-1,-1,-1,30,,5,,0,,,,,,,,,,,,,,,,,,0,,,,,80147,,,,,
3100888,-1,-1,-1,-1,30,,5,,0,,,,,,,,,,,,,,,,,,0,,,,,80147,,,,,
3100889,-1,-1,-1,-1,30,,5,,0,,,,,,,,,,,,,,,,,,0,,,,,80148,,,,,
3100890,-1,-1,-1,-1,30,,5,,0,,,,,,,,,,,,,,,,,,0,,,,,80148,,,,,
3100891,-1,-1,-1,-1,30,,5,,0,,,,,,,,,,,,,,,,,,0,,,,,80148,,,,,
3100892,-1,-1,-1,-1,30,,5,,0,,,,,,,,,,,,,,,,,,0,,,,,80148,,,,,
3100893,-1,-1,-1,-1,30,,5,,0,,,,,,,,,,,,,,,,,,0,,,,,80148,,,,,
3100894,-1,-1,-1,-1,30,,5,,0,,,,,,,,,,,,,,,,,,0,,,,,80148,,,,,
3100895,-1,-1,-1,-1,30,,5,,0,,,,,,,,,,,,,,,,,,0,,,,,80149,,,,,
3100896,-1,-1,-1,-1,30,,5,,0,,,,,,,,,,,,,,,,,,0,,,,,80149,,,,,
3100897,-1,-1,-1,-1,30,,5,,0,,,,,,,,,,,,,,,,,,0,,,,,80149,,,,,
3100898,-1,-1,-1,-1,30,,5,,0,,,,,,,,,,,,,,,,,,0,,,,,80149,,,,,
3100899,-1,-1,-1,-1,30,,5,,0,,,,,,,,,,,,,,,,,,0,,,,,80149,,,,,
3100900,-1,-1,-1,-1,30,,5,,0,,,,,,,,,,,,,,,,,,0,,,,,80149,,,,,
3100901,-1,-1,-1,-1,30,,4,,0,,,,,,,,,,,,,,,,,,0,,,,,80150,,,,,
3100902,-1,-1,-1,-1,30,,4,,0,,,,,,,,,,,,,,,,,,0,,,,,80150,,,,,
3100903,-1,-1,-1,-1,30,,4,,0,,,,,,,,,,,,,,,,,,0,,,,,80150,,,,,
3100904,-1,-1,-1,-1,30,,4,,0,,,,,,,,,,,,,,,,,,0,,,,,80150,,,,,
3100905,-1,-1,-1,-1,30,,4,,0,,,,,,,,,,,,,,,,,,0,,,,,80150,,,,,
3100906,-1,-1,-1,-1,30,,4,,0,,,,,,,,,,,,,,,,,,0,,,,,80150,,,,,
3100907,-1,-1,-1,-1,30,,4,,0,,,,,,,,,,,,,,,,,,0,,,,,80151,,,,,
3100908,-1,-1,-1,-1,30,,4,,0,,,,,,,,,,,,,,,,,,0,,,,,80151,,,,,
3100909,-1,-1,-1,-1,30,,4,,0,,,,,,,,,,,,,,,,,,0,,,,,80151,,,,,
3100910,-1,-1,-1,-1,30,,4,,0,,,,,,,,,,,,,,,,,,0,,,,,80151,,,,,
3100911,-1,-1,-1,-1,30,,4,,0,,,,,,,,,,,,,,,,,,0,,,,,80151,,,,,
3100912,-1,-1,-1,-1,30,,4,,0,,,,,,,,,,,,,,,,,,0,,,,,80151,,,,,
3100913,-1,-1,-1,-1,30,,4,,0,,,,,,,,,,,,,,,,,,0,,,,,80152,,,,,
3100914,-1,-1,-1,-1,30,,4,,0,,,,,,,,,,,,,,,,,,0,,,,,80152,,,,,
3100915,-1,-1,-1,-1,30,,4,,0,,,,,,,,,,,,,,,,,,0,,,,,80152,,,,,
3100916,-1,-1,-1,-1,30,,4,,0,,,,,,,,,,,,,,,,,,0,,,,,80152,,,,,
3100917,-1,-1,-1,-1,30,,4,,0,,,,,,,,,,,,,,,,,,0,,,,,80152,,,,,
3100918,-1,-1,-1,-1,30,,4,,0,,,,,,,,,,,,,,,,,,0,,,,,80152,,,,,
3100919,-1,-1,-1,-1,30,,4,,0,,,,,,,,,,,,,,,,,,0,,,,,80153,,,,,
3100920,-1,-1,-1,-1,30,,4,,0,,,,,,,,,,,,,,,,,,0,,,,,80153,,,,,
3100921,-1,-1,-1,-1,30,,4,,0,,,,,,,,,,,,,,,,,,0,,,,,80153,,,,,
3100922,-1,-1,-1,-1,30,,4,,0,,,,,,,,,,,,,,,,,,0,,,,,80153,,,,,
3100923,-1,-1,-1,-1,30,,4,,0,,,,,,,,,,,,,,,,,,0,,,,,80153,,,,,
3100924,-1,-1,-1,-1,30,,4,,0,,,,,,,,,,,,,,,,,,0,,,,,80153,,,,,
3100925,-1,-1,-1,-1,30,,4,,0,,,,,,,,,,,,,,,,,,0,,,,,80154,,,,,
3100926,-1,-1,-1,-1,30,,4,,0,,,,,,,,,,,,,,,,,,0,,,,,80154,,,,,
3100927,-1,-1,-1,-1,30,,4,,0,,,,,,,,,,,,,,,,,,0,,,,,80154,,,,,
3100928,-1,-1,-1,-1,30,,4,,0,,,,,,,,,,,,,,,,,,0,,,,,80154,,,,,
3100929,-1,-1,-1,-1,30,,4,,0,,,,,,,,,,,,,,,,,,0,,,,,80154,,,,,
3100930,-1,-1,-1,-1,30,,4,,0,,,,,,,,,,,,,,,,,,0,,,,,80154,,,,,
3100931,-1,-1,-1,-1,30,,4,,0,,,,,,,,,,,,,,,,,,0,,,,,80155,,,,,
3100932,-1,-1,-1,-1,30,,4,,0,,,,,,,,,,,,,,,,,,0,,,,,80155,,,,,
3100933,-1,-1,-1,-1,30,,4,,0,,,,,,,,,,,,,,,,,,0,,,,,80155,,,,,
3100934,-1,-1,-1,-1,30,,4,,0,,,,,,,,,,,,,,,,,,0,,,,,80155,,,,,
3100935,-1,-1,-1,-1,30,,4,,0,,,,,,,,,,,,,,,,,,0,,,,,80155,,,,,
3100936,-1,-1,-1,-1,30,,4,,0,,,,,,,,,,,,,,,,,,0,,,,,80155,,,,,
3100937,-1,-1,-1,-1,30,,4,,0,,,,,,,,,,,,,,,,,,0,,,,,80156,,,,,
3100938,-1,-1,-1,-1,30,,4,,0,,,,,,,,,,,,,,,,,,0,,,,,80156,,,,,
3100939,-1,-1,-1,-1,30,,4,,0,,,,,,,,,,,,,,,,,,0,,,,,80156,,,,,
3100940,-1,-1,-1,-1,30,,4,,0,,,,,,,,,,,,,,,,,,0,,,,,80156,,,,,
3100941,-1,-1,-1,-1,30,,4,,0,,,,,,,,,,,,,,,,,,0,,,,,80156,,,,,
3100942,-1,-1,-1,-1,30,,4,,0,,,,,,,,,,,,,,,,,,0,,,,,80156,,,,,
3100943,-1,-1,-1,-1,30,,4,,0,,,,,,,,,,,,,,,,,,0,,,,,80157,,,,,
3100944,-1,-1,-1,-1,30,,4,,0,,,,,,,,,,,,,,,,,,0,,,,,80157,,,,,
3100945,-1,-1,-1,-1,30,,4,,0,,,,,,,,,,,,,,,,,,0,,,,,80157,,,,,
3100946,-1,-1,-1,-1,30,,4,,0,,,,,,,,,,,,,,,,,,0,,,,,80157,,,,,
3100947,-1,-1,-1,-1,30,,4,,0,,,,,,,,,,,,,,,,,,0,,,,,80157,,,,,
3100948,-1,-1,-1,-1,30,,4,,0,,,,,,,,,,,,,,,,,,0,,,,,80157,,,,,
3100949,-1,-1,-1,-1,30,,4,,0,,,,,,,,,,,,,,,,,,0,,,,,80158,,,,,
3100950,-1,-1,-1,-1,30,,4,,0,,,,,,,,,,,,,,,,,,0,,,,,80158,,,,,
3100951,-1,-1,-1,-1,30,,4,,0,,,,,,,,,,,,,,,,,,0,,,,,80158,,,,,
3100952,-1,-1,-1,-1,30,,4,,0,,,,,,,,,,,,,,,,,,0,,,,,80158,,,,,
3100953,-1,-1,-1,-1,30,,4,,0,,,,,,,,,,,,,,,,,,0,,,,,80158,,,,,
3100954,-1,-1,-1,-1,30,,4,,0,,,,,,,,,,,,,,,,,,0,,,,,80158,,,,,
3100955,-1,-1,-1,-1,30,,4,,0,,,,,,,,,,,,,,,,,,0,,,,,80159,,,,,
3100956,-1,-1,-1,-1,30,,4,,0,,,,,,,,,,,,,,,,,,0,,,,,80159,,,,,
3100957,-1,-1,-1,-1,30,,4,,0,,,,,,,,,,,,,,,,,,0,,,,,80159,,,,,
3100958,-1,-1,-1,-1,30,,4,,0,,,,,,,,,,,,,,,,,,0,,,,,80159,,,,,
3100959,-1,-1,-1,-1,30,,4,,0,,,,,,,,,,,,,,,,,,0,,,,,80159,,,,,
3100960,-1,-1,-1,-1,30,,4,,0,,,,,,,,,,,,,,,,,,0,,,,,80159,,,,,
3100961,-1,-1,-1,-1,30,,6,,0,,,,,,,,,,,,,,,,,,0,,,,,80160,,,,,
3100962,-1,-1,-1,-1,30,,6,,0,,,,,,,,,,,,,,,,,,0,,,,,80160,,,,,
3100963,-1,-1,-1,-1,30,,6,,0,,,,,,,,,,,,,,,,,,0,,,,,80160,,,,,
3100964,-1,-1,-1,-1,30,,6,,0,,,,,,,,,,,,,,,,,,0,,,,,80160,,,,,
3100965,-1,-1,-1,-1,30,,6,,0,,,,,,,,,,,,,,,,,,0,,,,,80160,,,,,
3100966,-1,-1,-1,-1,30,,6,,0,,,,,,,,,,,,,,,,,,0,,,,,80160,,,,,
3100967,-1,-1,-1,-1,30,,6,,0,,,,,,,,,,,,,,,,,,0,,,,,80161,,,,,
3100968,-1,-1,-1,-1,30,,6,,0,,,,,,,,,,,,,,,,,,0,,,,,80161,,,,,
3100969,-1,-1,-1,-1,30,,6,,0,,,,,,,,,,,,,,,,,,0,,,,,80161,,,,,
3100970,-1,-1,-1,-1,30,,6,,0,,,,,,,,,,,,,,,,,,0,,,,,80161,,,,,
3100971,-1,-1,-1,-1,30,,6,,0,,,,,,,,,,,,,,,,,,0,,,,,80161,,,,,
3100972,-1,-1,-1,-1,30,,6,,0,,,,,,,,,,,,,,,,,,0,,,,,80161,,,,,
3100973,-1,-1,-1,-1,30,,6,,0,,,,,,,,,,,,,,,,,,0,,,,,80162,,,,,
3100974,-1,-1,-1,-1,30,,6,,0,,,,,,,,,,,,,,,,,,0,,,,,80162,,,,,
3100975,-1,-1,-1,-1,30,,6,,0,,,,,,,,,,,,,,,,,,0,,,,,80162,,,,,
3100976,-1,-1,-1,-1,30,,6,,0,,,,,,,,,,,,,,,,,,0,,,,,80162,,,,,
3100977,-1,-1,-1,-1,30,,6,,0,,,,,,,,,,,,,,,,,,0,,,,,80162,,,,,
3100978,-1,-1,-1,-1,30,,6,,0,,,,,,,,,,,,,,,,,,0,,,,,80162,,,,,
3100979,-1,-1,-1,-1,30,,6,,0,,,,,,,,,,,,,,,,,,0,,,,,80163,,,,,
3100980,-1,-1,-1,-1,30,,6,,0,,,,,,,,,,,,,,,,,,0,,,,,80163,,,,,
3100981,-1,-1,-1,-1,30,,6,,0,,,,,,,,,,,,,,,,,,0,,,,,80163,,,,,
3100982,-1,-1,-1,-1,30,,6,,0,,,,,,,,,,,,,,,,,,0,,,,,80163,,,,,
3100983,-1,-1,-1,-1,30,,6,,0,,,,,,,,,,,,,,,,,,0,,,,,80163,,,,,
3100984,-1,-1,-1,-1,30,,6,,0,,,,,,,,,,,,,,,,,,0,,,,,80163,,,,,
3100985,-1,-1,-1,-1,30,,6,,0,,,,,,,,,,,,,,,,,,0,,,,,80164,,,,,
3100986,-1,-1,-1,-1,30,,6,,0,,,,,,,,,,,,,,,,,,0,,,,,80164,,,,,
3100987,-1,-1,-1,-1,30,,6,,0,,,,,,,,,,,,,,,,,,0,,,,,80164,,,,,
3100988,-1,-1,-1,-1,30,,6,,0,,,,,,,,,,,,,,,,,,0,,,,,80164,,,,,
3100989,-1,-1,-1,-1,30,,6,,0,,,,,,,,,,,,,,,,,,0,,,,,80164,,,,,
3100990,-1,-1,-1,-1,30,,6,,0,,,,,,,,,,,,,,,,,,0,,,,,80164,,,,,
3100991,-1,-1,-1,-1,30,,6,,0,,,,,,,,,,,,,,,,,,0,,,,,80165,,,,,
3100992,-1,-1,-1,-1,30,,6,,0,,,,,,,,,,,,,,,,,,0,,,,,80165,,,,,
3100993,-1,-1,-1,-1,30,,6,,0,,,,,,,,,,,,,,,,,,0,,,,,80165,,,,,
3100994,-1,-1,-1,-1,30,,6,,0,,,,,,,,,,,,,,,,,,0,,,,,80165,,,,,
3100995,-1,-1,-1,-1,30,,6,,0,,,,,,,,,,,,,,,,,,0,,,,,80165,,,,,
3100996,-1,-1,-1,-1,30,,6,,0,,,,,,,,,,,,,,,,,,0,,,,,80165,,,,,
3100997,-1,-1,-1,-1,30,,6,,0,,,,,,,,,,,,,,,,,,0,,,,,80166,,,,,
3100998,-1,-1,-1,-1,30,,6,,0,,,,,,,,,,,,,,,,,,0,,,,,80166,,,,,
3100999,-1,-1,-1,-1,30,,6,,0,,,,,,,,,,,,,,,,,,0,,,,,80166,,,,,
3101000,-1,-1,-1,-1,30,,6,,0,,,,,,,,,,,,,,,,,,0,,,,,80166,,,,,
3101001,-1,-1,-1,-1,30,,6,,0,,,,,,,,,,,,,,,,,,0,,,,,80166,,,,,
3101002,-1,-1,-1,-1,30,,6,,0,,,,,,,,,,,,,,,,,,0,,,,,80166,,,,,
3101003,-1,-1,-1,-1,30,,6,,0,,,,,,,,,,,,,,,,,,0,,,,,80167,,,,,
3101004,-1,-1,-1,-1,30,,6,,0,,,,,,,,,,,,,,,,,,0,,,,,80167,,,,,
3101005,-1,-1,-1,-1,30,,6,,0,,,,,,,,,,,,,,,,,,0,,,,,80167,,,,,
3101006,-1,-1,-1,-1,30,,6,,0,,,,,,,,,,,,,,,,,,0,,,,,80167,,,,,
3101007,-1,-1,-1,-1,30,,6,,0,,,,,,,,,,,,,,,,,,0,,,,,80167,,,,,
3101008,-1,-1,-1,-1,30,,6,,0,,,,,,,,,,,,,,,,,,0,,,,,80167,,,,,
3101009,-1,-1,-1,-1,30,,6,,0,,,,,,,,,,,,,,,,,,0,,,,,80168,,,,,
3101010,-1,-1,-1,-1,30,,6,,0,,,,,,,,,,,,,,,,,,0,,,,,80168,,,,,
3101011,-1,-1,-1,-1,30,,6,,0,,,,,,,,,,,,,,,,,,0,,,,,80168,,,,,
3101012,-1,-1,-1,-1,30,,6,,0,,,,,,,,,,,,,,,,,,0,,,,,80168,,,,,
3101013,-1,-1,-1,-1,30,,6,,0,,,,,,,,,,,,,,,,,,0,,,,,80168,,,,,
3101014,-1,-1,-1,-1,30,,6,,0,,,,,,,,,,,,,,,,,,0,,,,,80168,,,,,
3101015,-1,-1,-1,-1,30,,6,,0,,,,,,,,,,,,,,,,,,0,,,,,80169,,,,,
3101016,-1,-1,-1,-1,30,,6,,0,,,,,,,,,,,,,,,,,,0,,,,,80169,,,,,
3101017,-1,-1,-1,-1,30,,6,,0,,,,,,,,,,,,,,,,,,0,,,,,80169,,,,,
3101018,-1,-1,-1,-1,30,,6,,0,,,,,,,,,,,,,,,,,,0,,,,,80169,,,,,
3101019,-1,-1,-1,-1,30,,6,,0,,,,,,,,,,,,,,,,,,0,,,,,80169,,,,,
3101020,-1,-1,-1,-1,30,,6,,0,,,,,,,,,,,,,,,,,,0,,,,,80169,,,,,
3101021,-1,-1,-1,-1,30,,5,,0,,,,,,,,,,,,,,,,,,0,,,,,80170,,,,,
3101022,-1,-1,-1,-1,30,,5,,0,,,,,,,,,,,,,,,,,,0,,,,,80170,,,,,
3101023,-1,-1,-1,-1,30,,5,,0,,,,,,,,,,,,,,,,,,0,,,,,80170,,,,,
3101024,-1,-1,-1,-1,30,,5,,0,,,,,,,,,,,,,,,,,,0,,,,,80170,,,,,
3101025,-1,-1,-1,-1,30,,5,,0,,,,,,,,,,,,,,,,,,0,,,,,80170,,,,,
3101026,-1,-1,-1,-1,30,,5,,0,,,,,,,,,,,,,,,,,,0,,,,,80170,,,,,
3101027,-1,-1,-1,-1,30,,5,,0,,,,,,,,,,,,,,,,,,0,,,,,80171,,,,,
3101028,-1,-1,-1,-1,30,,5,,0,,,,,,,,,,,,,,,,,,0,,,,,80171,,,,,
3101029,-1,-1,-1,-1,30,,5,,0,,,,,,,,,,,,,,,,,,0,,,,,80171,,,,,
3101030,-1,-1,-1,-1,30,,5,,0,,,,,,,,,,,,,,,,,,0,,,,,80171,,,,,
3101031,-1,-1,-1,-1,30,,5,,0,,,,,,,,,,,,,,,,,,0,,,,,80171,,,,,
3101032,-1,-1,-1,-1,30,,5,,0,,,,,,,,,,,,,,,,,,0,,,,,80171,,,,,
3101033,-1,-1,-1,-1,30,,5,,0,,,,,,,,,,,,,,,,,,0,,,,,80172,,,,,
3101034,-1,-1,-1,-1,30,,5,,0,,,,,,,,,,,,,,,,,,0,,,,,80172,,,,,
3101035,-1,-1,-1,-1,30,,5,,0,,,,,,,,,,,,,,,,,,0,,,,,80172,,,,,
3101036,-1,-1,-1,-1,30,,5,,0,,,,,,,,,,,,,,,,,,0,,,,,80172,,,,,
3101037,-1,-1,-1,-1,30,,5,,0,,,,,,,,,,,,,,,,,,0,,,,,80172,,,,,
3101038,-1,-1,-1,-1,30,,5,,0,,,,,,,,,,,,,,,,,,0,,,,,80172,,,,,
3101039,-1,-1,-1,-1,30,,5,,0,,,,,,,,,,,,,,,,,,0,,,,,80173,,,,,
3101040,-1,-1,-1,-1,30,,5,,0,,,,,,,,,,,,,,,,,,0,,,,,80173,,,,,
3101041,-1,-1,-1,-1,30,,5,,0,,,,,,,,,,,,,,,,,,0,,,,,80173,,,,,
3101042,-1,-1,-1,-1,30,,5,,0,,,,,,,,,,,,,,,,,,0,,,,,80173,,,,,
3101043,-1,-1,-1,-1,30,,5,,0,,,,,,,,,,,,,,,,,,0,,,,,80173,,,,,
3101044,-1,-1,-1,-1,30,,5,,0,,,,,,,,,,,,,,,,,,0,,,,,80173,,,,,
3101045,-1,-1,-1,-1,30,,5,,0,,,,,,,,,,,,,,,,,,0,,,,,80174,,,,,
3101046,-1,-1,-1,-1,30,,5,,0,,,,,,,,,,,,,,,,,,0,,,,,80174,,,,,
3101047,-1,-1,-1,-1,30,,5,,0,,,,,,,,,,,,,,,,,,0,,,,,80174,,,,,
3101048,-1,-1,-1,-1,30,,5,,0,,,,,,,,,,,,,,,,,,0,,,,,80174,,,,,
3101049,-1,-1,-1,-1,30,,5,,0,,,,,,,,,,,,,,,,,,0,,,,,80174,,,,,
3101050,-1,-1,-1,-1,30,,5,,0,,,,,,,,,,,,,,,,,,0,,,,,80174,,,,,
3101051,-1,-1,-1,-1,30,,5,,0,,,,,,,,,,,,,,,,,,0,,,,,80175,,,,,
3101052,-1,-1,-1,-1,30,,5,,0,,,,,,,,,,,,,,,,,,0,,,,,80175,,,,,
3101053,-1,-1,-1,-1,30,,5,,0,,,,,,,,,,,,,,,,,,0,,,,,80175,,,,,
3101054,-1,-1,-1,-1,30,,5,,0,,,,,,,,,,,,,,,,,,0,,,,,80175,,,,,
3101055,-1,-1,-1,-1,30,,5,,0,,,,,,,,,,,,,,,,,,0,,,,,80175,,,,,
3101056,-1,-1,-1,-1,30,,5,,0,,,,,,,,,,,,,,,,,,0,,,,,80175,,,,,
3101057,-1,-1,-1,-1,30,,5,,0,,,,,,,,,,,,,,,,,,0,,,,,80176,,,,,
3101058,-1,-1,-1,-1,30,,5,,0,,,,,,,,,,,,,,,,,,0,,,,,80176,,,,,
3101059,-1,-1,-1,-1,30,,5,,0,,,,,,,,,,,,,,,,,,0,,,,,80176,,,,,
3101060,-1,-1,-1,-1,30,,5,,0,,,,,,,,,,,,,,,,,,0,,,,,80176,,,,,
3101061,-1,-1,-1,-1,30,,5,,0,,,,,,,,,,,,,,,,,,0,,,,,80176,,,,,
3101062,-1,-1,-1,-1,30,,5,,0,,,,,,,,,,,,,,,,,,0,,,,,80176,,,,,
3101063,-1,-1,-1,-1,30,,5,,0,,,,,,,,,,,,,,,,,,0,,,,,80177,,,,,
3101064,-1,-1,-1,-1,30,,5,,0,,,,,,,,,,,,,,,,,,0,,,,,80177,,,,,
3101065,-1,-1,-1,-1,30,,5,,0,,,,,,,,,,,,,,,,,,0,,,,,80177,,,,,
3101066,-1,-1,-1,-1,30,,5,,0,,,,,,,,,,,,,,,,,,0,,,,,80177,,,,,
3101067,-1,-1,-1,-1,30,,5,,0,,,,,,,,,,,,,,,,,,0,,,,,80177,,,,,
3101068,-1,-1,-1,-1,30,,5,,0,,,,,,,,,,,,,,,,,,0,,,,,80177,,,,,
3101069,-1,-1,-1,-1,30,,5,,0,,,,,,,,,,,,,,,,,,0,,,,,80178,,,,,
3101070,-1,-1,-1,-1,30,,5,,0,,,,,,,,,,,,,,,,,,0,,,,,80178,,,,,
3101071,-1,-1,-1,-1,30,,5,,0,,,,,,,,,,,,,,,,,,0,,,,,80178,,,,,
3101072,-1,-1,-1,-1,30,,5,,0,,,,,,,,,,,,,,,,,,0,,,,,80178,,,,,
3101073,-1,-1,-1,-1,30,,5,,0,,,,,,,,,,,,,,,,,,0,,,,,80178,,,,,
3101074,-1,-1,-1,-1,30,,5,,0,,,,,,,,,,,,,,,,,,0,,,,,80178,,,,,
3101075,-1,-1,-1,-1,30,,5,,0,,,,,,,,,,,,,,,,,,0,,,,,80179,,,,,
3101076,-1,-1,-1,-1,30,,5,,0,,,,,,,,,,,,,,,,,,0,,,,,80179,,,,,
3101077,-1,-1,-1,-1,30,,5,,0,,,,,,,,,,,,,,,,,,0,,,,,80179,,,,,
3101078,-1,-1,-1,-1,30,,5,,0,,,,,,,,,,,,,,,,,,0,,,,,80179,,,,,
3101079,-1,-1,-1,-1,30,,5,,0,,,,,,,,,,,,,,,,,,0,,,,,80179,,,,,
3101080,-1,-1,-1,-1,30,,5,,0,,,,,,,,,,,,,,,,,,0,,,,,80179,,,,,
3101081,-1,-1,-1,-1,30,,6,,0,,,,,,,,,,,,,,,,,,0,,,,,80180,,,,,
3101082,-1,-1,-1,-1,30,,6,,0,,,,,,,,,,,,,,,,,,0,,,,,80180,,,,,
3101083,-1,-1,-1,-1,30,,6,,0,,,,,,,,,,,,,,,,,,0,,,,,80180,,,,,
3101084,-1,-1,-1,-1,30,,6,,0,,,,,,,,,,,,,,,,,,0,,,,,80180,,,,,
3101085,-1,-1,-1,-1,30,,6,,0,,,,,,,,,,,,,,,,,,0,,,,,80180,,,,,
3101086,-1,-1,-1,-1,30,,6,,0,,,,,,,,,,,,,,,,,,0,,,,,80180,,,,,
3101087,-1,-1,-1,-1,30,,6,,0,,,,,,,,,,,,,,,,,,0,,,,,80181,,,,,
3101088,-1,-1,-1,-1,30,,6,,0,,,,,,,,,,,,,,,,,,0,,,,,80181,,,,,
3101089,-1,-1,-1,-1,30,,6,,0,,,,,,,,,,,,,,,,,,0,,,,,80181,,,,,
3101090,-1,-1,-1,-1,30,,6,,0,,,,,,,,,,,,,,,,,,0,,,,,80181,,,,,
3101091,-1,-1,-1,-1,30,,6,,0,,,,,,,,,,,,,,,,,,0,,,,,80181,,,,,
3101092,-1,-1,-1,-1,30,,6,,0,,,,,,,,,,,,,,,,,,0,,,,,80181,,,,,
3101093,-1,-1,-1,-1,30,,6,,0,,,,,,,,,,,,,,,,,,0,,,,,80182,,,,,
3101094,-1,-1,-1,-1,30,,6,,0,,,,,,,,,,,,,,,,,,0,,,,,80182,,,,,
3101095,-1,-1,-1,-1,30,,6,,0,,,,,,,,,,,,,,,,,,0,,,,,80182,,,,,
3101096,-1,-1,-1,-1,30,,6,,0,,,,,,,,,,,,,,,,,,0,,,,,80182,,,,,
3101097,-1,-1,-1,-1,30,,6,,0,,,,,,,,,,,,,,,,,,0,,,,,80182,,,,,
3101098,-1,-1,-1,-1,30,,6,,0,,,,,,,,,,,,,,,,,,0,,,,,80182,,,,,
3101099,-1,-1,-1,-1,30,,6,,0,,,,,,,,,,,,,,,,,,0,,,,,80183,,,,,
3101100,-1,-1,-1,-1,30,,6,,0,,,,,,,,,,,,,,,,,,0,,,,,80183,,,,,
3101101,-1,-1,-1,-1,30,,6,,0,,,,,,,,,,,,,,,,,,0,,,,,80183,,,,,
3101102,-1,-1,-1,-1,30,,6,,0,,,,,,,,,,,,,,,,,,0,,,,,80183,,,,,
3101103,-1,-1,-1,-1,30,,6,,0,,,,,,,,,,,,,,,,,,0,,,,,80183,,,,,
3101104,-1,-1,-1,-1,30,,6,,0,,,,,,,,,,,,,,,,,,0,,,,,80183,,,,,
3101105,-1,-1,-1,-1,30,,6,,0,,,,,,,,,,,,,,,,,,0,,,,,80184,,,,,
3101106,-1,-1,-1,-1,30,,6,,0,,,,,,,,,,,,,,,,,,0,,,,,80184,,,,,
3101107,-1,-1,-1,-1,30,,6,,0,,,,,,,,,,,,,,,,,,0,,,,,80184,,,,,
3101108,-1,-1,-1,-1,30,,6,,0,,,,,,,,,,,,,,,,,,0,,,,,80184,,,,,
3101109,-1,-1,-1,-1,30,,6,,0,,,,,,,,,,,,,,,,,,0,,,,,80184,,,,,
3101110,-1,-1,-1,-1,30,,6,,0,,,,,,,,,,,,,,,,,,0,,,,,80184,,,,,
3101111,-1,-1,-1,-1,30,,5,,0,,,,,,,,,,,,,,,,,,0,,,,,80185,,,,,
3101112,-1,-1,-1,-1,30,,5,,0,,,,,,,,,,,,,,,,,,0,,,,,80185,,,,,
3101113,-1,-1,-1,-1,30,,5,,0,,,,,,,,,,,,,,,,,,0,,,,,80185,,,,,
3101114,-1,-1,-1,-1,30,,5,,0,,,,,,,,,,,,,,,,,,0,,,,,80185,,,,,
3101115,-1,-1,-1,-1,30,,5,,0,,,,,,,,,,,,,,,,,,0,,,,,80185,,,,,
3101116,-1,-1,-1,-1,30,,5,,0,,,,,,,,,,,,,,,,,,0,,,,,80185,,,,,
3101117,-1,-1,-1,-1,30,,5,,0,,,,,,,,,,,,,,,,,,0,,,,,80186,,,,,
3101118,-1,-1,-1,-1,30,,5,,0,,,,,,,,,,,,,,,,,,0,,,,,80186,,,,,
3101119,-1,-1,-1,-1,30,,5,,0,,,,,,,,,,,,,,,,,,0,,,,,80186,,,,,
3101120,-1,-1,-1,-1,30,,5,,0,,,,,,,,,,,,,,,,,,0,,,,,80186,,,,,
3101121,-1,-1,-1,-1,30,,5,,0,,,,,,,,,,,,,,,,,,0,,,,,80186,,,,,
3101122,-1,-1,-1,-1,30,,5,,0,,,,,,,,,,,,,,,,,,0,,,,,80186,,,,,
3101123,-1,-1,-1,-1,30,,5,,0,,,,,,,,,,,,,,,,,,0,,,,,80187,,,,,
3101124,-1,-1,-1,-1,30,,5,,0,,,,,,,,,,,,,,,,,,0,,,,,80187,,,,,
3101125,-1,-1,-1,-1,30,,5,,0,,,,,,,,,,,,,,,,,,0,,,,,80187,,,,,
3101126,-1,-1,-1,-1,30,,5,,0,,,,,,,,,,,,,,,,,,0,,,,,80187,,,,,
3101127,-1,-1,-1,-1,30,,5,,0,,,,,,,,,,,,,,,,,,0,,,,,80187,,,,,
3101128,-1,-1,-1,-1,30,,5,,0,,,,,,,,,,,,,,,,,,0,,,,,80187,,,,,
3101129,-1,-1,-1,-1,30,,5,,0,,,,,,,,,,,,,,,,,,0,,,,,80188,,,,,
3101130,-1,-1,-1,-1,30,,5,,0,,,,,,,,,,,,,,,,,,0,,,,,80188,,,,,
3101131,-1,-1,-1,-1,30,,5,,0,,,,,,,,,,,,,,,,,,0,,,,,80188,,,,,
3101132,-1,-1,-1,-1,30,,5,,0,,,,,,,,,,,,,,,,,,0,,,,,80188,,,,,
3101133,-1,-1,-1,-1,30,,5,,0,,,,,,,,,,,,,,,,,,0,,,,,80188,,,,,
3101134,-1,-1,-1,-1,30,,5,,0,,,,,,,,,,,,,,,,,,0,,,,,80188,,,,,
3101135,-1,-1,-1,-1,30,,5,,0,,,,,,,,,,,,,,,,,,0,,,,,80189,,,,,
3101136,-1,-1,-1,-1,30,,5,,0,,,,,,,,,,,,,,,,,,0,,,,,80189,,,,,
3101137,-1,-1,-1,-1,30,,5,,0,,,,,,,,,,,,,,,,,,0,,,,,80189,,,,,
3101138,-1,-1,-1,-1,30,,5,,0,,,,,,,,,,,,,,,,,,0,,,,,80189,,,,,
3101139,-1,-1,-1,-1,30,,5,,0,,,,,,,,,,,,,,,,,,0,,,,,80189,,,,,
3101140,-1,-1,-1,-1,30,,5,,0,,,,,,,,,,,,,,,,,,0,,,,,80189,,,,,
3101141,-1,-1,-1,-1,30,,5,,0,,,,,,,,,,,,,,,,,,0,,,,,80190,,,,,
3101142,-1,-1,-1,-1,30,,5,,0,,,,,,,,,,,,,,,,,,0,,,,,80190,,,,,
3101143,-1,-1,-1,-1,30,,5,,0,,,,,,,,,,,,,,,,,,0,,,,,80190,,,,,
3101144,-1,-1,-1,-1,30,,5,,0,,,,,,,,,,,,,,,,,,0,,,,,80190,,,,,
3101145,-1,-1,-1,-1,30,,5,,0,,,,,,,,,,,,,,,,,,0,,,,,80190,,,,,
3101146,-1,-1,-1,-1,30,,5,,0,,,,,,,,,,,,,,,,,,0,,,,,80190,,,,,
3101147,-1,-1,-1,-1,30,,5,,0,,,,,,,,,,,,,,,,,,0,,,,,80191,,,,,
3101148,-1,-1,-1,-1,30,,5,,0,,,,,,,,,,,,,,,,,,0,,,,,80191,,,,,
3101149,-1,-1,-1,-1,30,,5,,0,,,,,,,,,,,,,,,,,,0,,,,,80191,,,,,
3101150,-1,-1,-1,-1,30,,5,,0,,,,,,,,,,,,,,,,,,0,,,,,80191,,,,,
3101151,-1,-1,-1,-1,30,,5,,0,,,,,,,,,,,,,,,,,,0,,,,,80191,,,,,
3101152,-1,-1,-1,-1,30,,5,,0,,,,,,,,,,,,,,,,,,0,,,,,80191,,,,,
3101153,-1,-1,-1,-1,30,,5,,0,,,,,,,,,,,,,,,,,,0,,,,,80192,,,,,
3101154,-1,-1,-1,-1,30,,5,,0,,,,,,,,,,,,,,,,,,0,,,,,80192,,,,,
3101155,-1,-1,-1,-1,30,,5,,0,,,,,,,,,,,,,,,,,,0,,,,,80192,,,,,
3101156,-1,-1,-1,-1,30,,5,,0,,,,,,,,,,,,,,,,,,0,,,,,80192,,,,,
3101157,-1,-1,-1,-1,30,,5,,0,,,,,,,,,,,,,,,,,,0,,,,,80192,,,,,
3101158,-1,-1,-1,-1,30,,5,,0,,,,,,,,,,,,,,,,,,0,,,,,80192,,,,,
3101159,-1,-1,-1,-1,30,,5,,0,,,,,,,,,,,,,,,,,,0,,,,,80193,,,,,
3101160,-1,-1,-1,-1,30,,5,,0,,,,,,,,,,,,,,,,,,0,,,,,80193,,,,,
3101161,-1,-1,-1,-1,30,,5,,0,,,,,,,,,,,,,,,,,,0,,,,,80193,,,,,
3101162,-1,-1,-1,-1,30,,5,,0,,,,,,,,,,,,,,,,,,0,,,,,80193,,,,,
3101163,-1,-1,-1,-1,30,,5,,0,,,,,,,,,,,,,,,,,,0,,,,,80193,,,,,
3101164,-1,-1,-1,-1,30,,5,,0,,,,,,,,,,,,,,,,,,0,,,,,80193,,,,,
3101165,-1,-1,-1,-1,30,,5,,0,,,,,,,,,,,,,,,,,,0,,,,,80194,,,,,
3101166,-1,-1,-1,-1,30,,5,,0,,,,,,,,,,,,,,,,,,0,,,,,80194,,,,,
3101167,-1,-1,-1,-1,30,,5,,0,,,,,,,,,,,,,,,,,,0,,,,,80194,,,,,
3101168,-1,-1,-1,-1,30,,5,,0,,,,,,,,,,,,,,,,,,0,,,,,80194,,,,,
3101169,-1,-1,-1,-1,30,,5,,0,,,,,,,,,,,,,,,,,,0,,,,,80194,,,,,
3101170,-1,-1,-1,-1,30,,5,,0,,,,,,,,,,,,,,,,,,0,,,,,80194,,,,,
3101171,-1,-1,-1,-1,30,,6,,0,,,,,,,,,,,,,,,,,,0,,,,,80195,,,,,
3101172,-1,-1,-1,-1,30,,6,,0,,,,,,,,,,,,,,,,,,0,,,,,80195,,,,,
3101173,-1,-1,-1,-1,30,,6,,0,,,,,,,,,,,,,,,,,,0,,,,,80195,,,,,
3101174,-1,-1,-1,-1,30,,6,,0,,,,,,,,,,,,,,,,,,0,,,,,80195,,,,,
3101175,-1,-1,-1,-1,30,,6,,0,,,,,,,,,,,,,,,,,,0,,,,,80195,,,,,
3101176,-1,-1,-1,-1,30,,6,,0,,,,,,,,,,,,,,,,,,0,,,,,80195,,,,,
3101177,-1,-1,-1,-1,30,,6,,0,,,,,,,,,,,,,,,,,,0,,,,,80196,,,,,
3101178,-1,-1,-1,-1,30,,6,,0,,,,,,,,,,,,,,,,,,0,,,,,80196,,,,,
3101179,-1,-1,-1,-1,30,,6,,0,,,,,,,,,,,,,,,,,,0,,,,,80196,,,,,
3101180,-1,-1,-1,-1,30,,6,,0,,,,,,,,,,,,,,,,,,0,,,,,80196,,,,,
3101181,-1,-1,-1,-1,30,,6,,0,,,,,,,,,,,,,,,,,,0,,,,,80196,,,,,
3101182,-1,-1,-1,-1,30,,6,,0,,,,,,,,,,,,,,,,,,0,,,,,80196,,,,,
3101183,-1,-1,-1,-1,30,,6,,0,,,,,,,,,,,,,,,,,,0,,,,,80197,,,,,
3101184,-1,-1,-1,-1,30,,6,,0,,,,,,,,,,,,,,,,,,0,,,,,80197,,,,,
3101185,-1,-1,-1,-1,30,,6,,0,,,,,,,,,,,,,,,,,,0,,,,,80197,,,,,
3101186,-1,-1,-1,-1,30,,6,,0,,,,,,,,,,,,,,,,,,0,,,,,80197,,,,,
3101187,-1,-1,-1,-1,30,,6,,0,,,,,,,,,,,,,,,,,,0,,,,,80197,,,,,
3101188,-1,-1,-1,-1,30,,6,,0,,,,,,,,,,,,,,,,,,0,,,,,80197,,,,,
3101189,-1,-1,-1,-1,30,,6,,0,,,,,,,,,,,,,,,,,,0,,,,,80198,,,,,
3101190,-1,-1,-1,-1,30,,6,,0,,,,,,,,,,,,,,,,,,0,,,,,80198,,,,,
3101191,-1,-1,-1,-1,30,,6,,0,,,,,,,,,,,,,,,,,,0,,,,,80198,,,,,
3101192,-1,-1,-1,-1,30,,6,,0,,,,,,,,,,,,,,,,,,0,,,,,80198,,,,,
3101193,-1,-1,-1,-1,30,,6,,0,,,,,,,,,,,,,,,,,,0,,,,,80198,,,,,
3101194,-1,-1,-1,-1,30,,6,,0,,,,,,,,,,,,,,,,,,0,,,,,80198,,,,,
3101195,-1,-1,-1,-1,30,,6,,0,,,,,,,,,,,,,,,,,,0,,,,,80199,,,,,
3101196,-1,-1,-1,-1,30,,6,,0,,,,,,,,,,,,,,,,,,0,,,,,80199,,,,,
3101197,-1,-1,-1,-1,30,,6,,0,,,,,,,,,,,,,,,,,,0,,,,,80199,,,,,
3101198,-1,-1,-1,-1,30,,6,,0,,,,,,,,,,,,,,,,,,0,,,,,80199,,,,,
3101199,-1,-1,-1,-1,30,,6,,0,,,,,,,,,,,,,,,,,,0,,,,,80199,,,,,
3101200,-1,-1,-1,-1,30,,6,,0,,,,,,,,,,,,,,,,,,0,,,,,80199,,,,,
3101201,-1,-1,-1,-1,30,,6,,0,,,,,,,,,,,,,,,,,,0,,,,,80200,,,,,
3101202,-1,-1,-1,-1,30,,6,,0,,,,,,,,,,,,,,,,,,0,,,,,80200,,,,,
3101203,-1,-1,-1,-1,30,,6,,0,,,,,,,,,,,,,,,,,,0,,,,,80200,,,,,
3101204,-1,-1,-1,-1,30,,6,,0,,,,,,,,,,,,,,,,,,0,,,,,80200,,,,,
3101205,-1,-1,-1,-1,30,,6,,0,,,,,,,,,,,,,,,,,,0,,,,,80200,,,,,
3101206,-1,-1,-1,-1,30,,6,,0,,,,,,,,,,,,,,,,,,0,,,,,80200,,,,,
3101207,-1,-1,-1,-1,30,,6,,0,,,,,,,,,,,,,,,,,,0,,,,,80201,,,,,
3101208,-1,-1,-1,-1,30,,6,,0,,,,,,,,,,,,,,,,,,0,,,,,80201,,,,,
3101209,-1,-1,-1,-1,30,,6,,0,,,,,,,,,,,,,,,,,,0,,,,,80201,,,,,
3101210,-1,-1,-1,-1,30,,6,,0,,,,,,,,,,,,,,,,,,0,,,,,80201,,,,,
3101211,-1,-1,-1,-1,30,,6,,0,,,,,,,,,,,,,,,,,,0,,,,,80201,,,,,
3101212,-1,-1,-1,-1,30,,6,,0,,,,,,,,,,,,,,,,,,0,,,,,80201,,,,,
3101213,-1,-1,-1,-1,30,,6,,0,,,,,,,,,,,,,,,,,,0,,,,,80202,,,,,
3101214,-1,-1,-1,-1,30,,6,,0,,,,,,,,,,,,,,,,,,0,,,,,80202,,,,,
3101215,-1,-1,-1,-1,30,,6,,0,,,,,,,,,,,,,,,,,,0,,,,,80202,,,,,
3101216,-1,-1,-1,-1,30,,6,,0,,,,,,,,,,,,,,,,,,0,,,,,80202,,,,,
3101217,-1,-1,-1,-1,30,,6,,0,,,,,,,,,,,,,,,,,,0,,,,,80202,,,,,
3101218,-1,-1,-1,-1,30,,6,,0,,,,,,,,,,,,,,,,,,0,,,,,80202,,,,,
3101219,-1,-1,-1,-1,30,,6,,0,,,,,,,,,,,,,,,,,,0,,,,,80203,,,,,
3101220,-1,-1,-1,-1,30,,6,,0,,,,,,,,,,,,,,,,,,0,,,,,80203,,,,,
3101221,-1,-1,-1,-1,30,,6,,0,,,,,,,,,,,,,,,,,,0,,,,,80203,,,,,
3101222,-1,-1,-1,-1,30,,6,,0,,,,,,,,,,,,,,,,,,0,,,,,80203,,,,,
3101223,-1,-1,-1,-1,30,,6,,0,,,,,,,,,,,,,,,,,,0,,,,,80203,,,,,
3101224,-1,-1,-1,-1,30,,6,,0,,,,,,,,,,,,,,,,,,0,,,,,80203,,,,,
3101225,-1,-1,-1,-1,30,,6,,0,,,,,,,,,,,,,,,,,,0,,,,,80204,,,,,
3101226,-1,-1,-1,-1,30,,6,,0,,,,,,,,,,,,,,,,,,0,,,,,80204,,,,,
3101227,-1,-1,-1,-1,30,,6,,0,,,,,,,,,,,,,,,,,,0,,,,,80204,,,,,
3101228,-1,-1,-1,-1,30,,6,,0,,,,,,,,,,,,,,,,,,0,,,,,80204,,,,,
3101229,-1,-1,-1,-1,30,,6,,0,,,,,,,,,,,,,,,,,,0,,,,,80204,,,,,
3101230,-1,-1,-1,-1,30,,6,,0,,,,,,,,,,,,,,,,,,0,,,,,80204,,,,,
3101231,-1,-1,-1,-1,30,,5,,0,,,,,,,,,,,,,,,,,,0,,,,,80205,,,,,
3101232,-1,-1,-1,-1,30,,5,,0,,,,,,,,,,,,,,,,,,0,,,,,80205,,,,,
3101233,-1,-1,-1,-1,30,,5,,0,,,,,,,,,,,,,,,,,,0,,,,,80205,,,,,
3101234,-1,-1,-1,-1,30,,5,,0,,,,,,,,,,,,,,,,,,0,,,,,80205,,,,,
3101235,-1,-1,-1,-1,30,,5,,0,,,,,,,,,,,,,,,,,,0,,,,,80205,,,,,
3101236,-1,-1,-1,-1,30,,5,,0,,,,,,,,,,,,,,,,,,0,,,,,80205,,,,,
3101237,-1,-1,-1,-1,30,,5,,0,,,,,,,,,,,,,,,,,,0,,,,,80206,,,,,
3101238,-1,-1,-1,-1,30,,5,,0,,,,,,,,,,,,,,,,,,0,,,,,80206,,,,,
3101239,-1,-1,-1,-1,30,,5,,0,,,,,,,,,,,,,,,,,,0,,,,,80206,,,,,
3101240,-1,-1,-1,-1,30,,5,,0,,,,,,,,,,,,,,,,,,0,,,,,80206,,,,,
3101241,-1,-1,-1,-1,30,,5,,0,,,,,,,,,,,,,,,,,,0,,,,,80206,,,,,
3101242,-1,-1,-1,-1,30,,5,,0,,,,,,,,,,,,,,,,,,0,,,,,80206,,,,,
3101243,-1,-1,-1,-1,30,,5,,0,,,,,,,,,,,,,,,,,,0,,,,,80207,,,,,
3101244,-1,-1,-1,-1,30,,5,,0,,,,,,,,,,,,,,,,,,0,,,,,80207,,,,,
3101245,-1,-1,-1,-1,30,,5,,0,,,,,,,,,,,,,,,,,,0,,,,,80207,,,,,
3101246,-1,-1,-1,-1,30,,5,,0,,,,,,,,,,,,,,,,,,0,,,,,80207,,,,,
3101247,-1,-1,-1,-1,30,,5,,0,,,,,,,,,,,,,,,,,,0,,,,,80207,,,,,
3101248,-1,-1,-1,-1,30,,5,,0,,,,,,,,,,,,,,,,,,0,,,,,80207,,,,,
3101249,-1,-1,-1,-1,30,,5,,0,,,,,,,,,,,,,,,,,,0,,,,,80208,,,,,
3101250,-1,-1,-1,-1,30,,5,,0,,,,,,,,,,,,,,,,,,0,,,,,80208,,,,,
3101251,-1,-1,-1,-1,30,,5,,0,,,,,,,,,,,,,,,,,,0,,,,,80208,,,,,
3101252,-1,-1,-1,-1,30,,5,,0,,,,,,,,,,,,,,,,,,0,,,,,80208,,,,,
3101253,-1,-1,-1,-1,30,,5,,0,,,,,,,,,,,,,,,,,,0,,,,,80208,,,,,
3101254,-1,-1,-1,-1,30,,5,,0,,,,,,,,,,,,,,,,,,0,,,,,80208,,,,,
3101255,-1,-1,-1,-1,30,,5,,0,,,,,,,,,,,,,,,,,,0,,,,,80209,,,,,
3101256,-1,-1,-1,-1,30,,5,,0,,,,,,,,,,,,,,,,,,0,,,,,80209,,,,,
3101257,-1,-1,-1,-1,30,,5,,0,,,,,,,,,,,,,,,,,,0,,,,,80209,,,,,
3101258,-1,-1,-1,-1,30,,5,,0,,,,,,,,,,,,,,,,,,0,,,,,80209,,,,,
3101259,-1,-1,-1,-1,30,,5,,0,,,,,,,,,,,,,,,,,,0,,,,,80209,,,,,
3101260,-1,-1,-1,-1,30,,5,,0,,,,,,,,,,,,,,,,,,0,,,,,80209,,,,,
3101261,-1,-1,-1,-1,30,,5,,0,,,,,,,,,,,,,,,,,,0,,,,,80210,,,,,
3101262,-1,-1,-1,-1,30,,5,,0,,,,,,,,,,,,,,,,,,0,,,,,80210,,,,,
3101263,-1,-1,-1,-1,30,,5,,0,,,,,,,,,,,,,,,,,,0,,,,,80210,,,,,
3101264,-1,-1,-1,-1,30,,5,,0,,,,,,,,,,,,,,,,,,0,,,,,80210,,,,,
3101265,-1,-1,-1,-1,30,,5,,0,,,,,,,,,,,,,,,,,,0,,,,,80210,,,,,
3101266,-1,-1,-1,-1,30,,5,,0,,,,,,,,,,,,,,,,,,0,,,,,80210,,,,,
3101267,-1,-1,-1,-1,30,,5,,0,,,,,,,,,,,,,,,,,,0,,,,,80211,,,,,
3101268,-1,-1,-1,-1,30,,5,,0,,,,,,,,,,,,,,,,,,0,,,,,80211,,,,,
3101269,-1,-1,-1,-1,30,,5,,0,,,,,,,,,,,,,,,,,,0,,,,,80211,,,,,
3101270,-1,-1,-1,-1,30,,5,,0,,,,,,,,,,,,,,,,,,0,,,,,80211,,,,,
3101271,-1,-1,-1,-1,30,,5,,0,,,,,,,,,,,,,,,,,,0,,,,,80211,,,,,
3101272,-1,-1,-1,-1,30,,5,,0,,,,,,,,,,,,,,,,,,0,,,,,80211,,,,,
3101273,-1,-1,-1,-1,30,,5,,0,,,,,,,,,,,,,,,,,,0,,,,,80212,,,,,
3101274,-1,-1,-1,-1,30,,5,,0,,,,,,,,,,,,,,,,,,0,,,,,80212,,,,,
3101275,-1,-1,-1,-1,30,,5,,0,,,,,,,,,,,,,,,,,,0,,,,,80212,,,,,
3101276,-1,-1,-1,-1,30,,5,,0,,,,,,,,,,,,,,,,,,0,,,,,80212,,,,,
3101277,-1,-1,-1,-1,30,,5,,0,,,,,,,,,,,,,,,,,,0,,,,,80212,,,,,
3101278,-1,-1,-1,-1,30,,5,,0,,,,,,,,,,,,,,,,,,0,,,,,80212,,,,,
3101279,-1,-1,-1,-1,30,,5,,0,,,,,,,,,,,,,,,,,,0,,,,,80213,,,,,
3101280,-1,-1,-1,-1,30,,5,,0,,,,,,,,,,,,,,,,,,0,,,,,80213,,,,,
3101281,-1,-1,-1,-1,30,,5,,0,,,,,,,,,,,,,,,,,,0,,,,,80213,,,,,
3101282,-1,-1,-1,-1,30,,5,,0,,,,,,,,,,,,,,,,,,0,,,,,80213,,,,,
3101283,-1,-1,-1,-1,30,,5,,0,,,,,,,,,,,,,,,,,,0,,,,,80213,,,,,
3101284,-1,-1,-1,-1,30,,5,,0,,,,,,,,,,,,,,,,,,0,,,,,80213,,,,,
3101285,-1,-1,-1,-1,30,,5,,0,,,,,,,,,,,,,,,,,,0,,,,,80214,,,,,
3101286,-1,-1,-1,-1,30,,5,,0,,,,,,,,,,,,,,,,,,0,,,,,80214,,,,,
3101287,-1,-1,-1,-1,30,,5,,0,,,,,,,,,,,,,,,,,,0,,,,,80214,,,,,
3101288,-1,-1,-1,-1,30,,5,,0,,,,,,,,,,,,,,,,,,0,,,,,80214,,,,,
3101289,-1,-1,-1,-1,30,,5,,0,,,,,,,,,,,,,,,,,,0,,,,,80214,,,,,
3101290,-1,-1,-1,-1,30,,5,,0,,,,,,,,,,,,,,,,,,0,,,,,80214,,,,,
3101291,-1,-1,-1,-1,30,,2,,0,,,,,,,,,,,,,,,,,,0,,,,,80215,,,,,
3101292,-1,-1,-1,-1,30,,2,,0,,,,,,,,,,,,,,,,,,0,,,,,80215,,,,,
3101293,-1,-1,-1,-1,30,,2,,0,,,,,,,,,,,,,,,,,,0,,,,,80215,,,,,
3101294,-1,-1,-1,-1,30,,2,,0,,,,,,,,,,,,,,,,,,0,,,,,80215,,,,,
3101295,-1,-1,-1,-1,30,,2,,0,,,,,,,,,,,,,,,,,,0,,,,,80215,,,,,
3101296,-1,-1,-1,-1,30,,2,,0,,,,,,,,,,,,,,,,,,0,,,,,80215,,,,,
3101297,-1,-1,-1,-1,30,,2,,0,,,,,,,,,,,,,,,,,,0,,,,,80216,,,,,
3101298,-1,-1,-1,-1,30,,2,,0,,,,,,,,,,,,,,,,,,0,,,,,80216,,,,,
3101299,-1,-1,-1,-1,30,,2,,0,,,,,,,,,,,,,,,,,,0,,,,,80216,,,,,
3101300,-1,-1,-1,-1,30,,2,,0,,,,,,,,,,,,,,,,,,0,,,,,80216,,,,,
3101301,-1,-1,-1,-1,30,,2,,0,,,,,,,,,,,,,,,,,,0,,,,,80216,,,,,
3101302,-1,-1,-1,-1,30,,2,,0,,,,,,,,,,,,,,,,,,0,,,,,80216,,,,,
3101303,-1,-1,-1,-1,30,,2,,0,,,,,,,,,,,,,,,,,,0,,,,,80217,,,,,
3101304,-1,-1,-1,-1,30,,2,,0,,,,,,,,,,,,,,,,,,0,,,,,80217,,,,,
3101305,-1,-1,-1,-1,30,,2,,0,,,,,,,,,,,,,,,,,,0,,,,,80217,,,,,
3101306,-1,-1,-1,-1,30,,2,,0,,,,,,,,,,,,,,,,,,0,,,,,80217,,,,,
3101307,-1,-1,-1,-1,30,,2,,0,,,,,,,,,,,,,,,,,,0,,,,,80217,,,,,
3101308,-1,-1,-1,-1,30,,2,,0,,,,,,,,,,,,,,,,,,0,,,,,80217,,,,,
3101309,-1,-1,-1,-1,30,,2,,0,,,,,,,,,,,,,,,,,,0,,,,,80218,,,,,
3101310,-1,-1,-1,-1,30,,2,,0,,,,,,,,,,,,,,,,,,0,,,,,80218,,,,,
3101311,-1,-1,-1,-1,30,,2,,0,,,,,,,,,,,,,,,,,,0,,,,,80218,,,,,
3101312,-1,-1,-1,-1,30,,2,,0,,,,,,,,,,,,,,,,,,0,,,,,80218,,,,,
3101313,-1,-1,-1,-1,30,,2,,0,,,,,,,,,,,,,,,,,,0,,,,,80218,,,,,
3101314,-1,-1,-1,-1,30,,2,,0,,,,,,,,,,,,,,,,,,0,,,,,80218,,,,,
3101315,-1,-1,-1,-1,30,,2,,0,,,,,,,,,,,,,,,,,,0,,,,,80219,,,,,
3101316,-1,-1,-1,-1,30,,2,,0,,,,,,,,,,,,,,,,,,0,,,,,80219,,,,,
3101317,-1,-1,-1,-1,30,,2,,0,,,,,,,,,,,,,,,,,,0,,,,,80219,,,,,
3101318,-1,-1,-1,-1,30,,2,,0,,,,,,,,,,,,,,,,,,0,,,,,80219,,,,,
3101319,-1,-1,-1,-1,30,,2,,0,,,,,,,,,,,,,,,,,,0,,,,,80219,,,,,
3101320,-1,-1,-1,-1,30,,2,,0,,,,,,,,,,,,,,,,,,0,,,,,80219,,,,,
3101321,-1,-1,-1,-1,30,,2,,0,,,,,,,,,,,,,,,,,,0,,,,,80220,,,,,
3101322,-1,-1,-1,-1,30,,2,,0,,,,,,,,,,,,,,,,,,0,,,,,80220,,,,,
3101323,-1,-1,-1,-1,30,,2,,0,,,,,,,,,,,,,,,,,,0,,,,,80220,,,,,
3101324,-1,-1,-1,-1,30,,2,,0,,,,,,,,,,,,,,,,,,0,,,,,80220,,,,,
3101325,-1,-1,-1,-1,30,,2,,0,,,,,,,,,,,,,,,,,,0,,,,,80220,,,,,
3101326,-1,-1,-1,-1,30,,2,,0,,,,,,,,,,,,,,,,,,0,,,,,80220,,,,,
3101327,-1,-1,-1,-1,30,,2,,0,,,,,,,,,,,,,,,,,,0,,,,,80221,,,,,
3101328,-1,-1,-1,-1,30,,2,,0,,,,,,,,,,,,,,,,,,0,,,,,80221,,,,,
3101329,-1,-1,-1,-1,30,,2,,0,,,,,,,,,,,,,,,,,,0,,,,,80221,,,,,
3101330,-1,-1,-1,-1,30,,2,,0,,,,,,,,,,,,,,,,,,0,,,,,80221,,,,,
3101331,-1,-1,-1,-1,30,,2,,0,,,,,,,,,,,,,,,,,,0,,,,,80221,,,,,
3101332,-1,-1,-1,-1,30,,2,,0,,,,,,,,,,,,,,,,,,0,,,,,80221,,,,,
3101333,-1,-1,-1,-1,30,,2,,0,,,,,,,,,,,,,,,,,,0,,,,,80222,,,,,
3101334,-1,-1,-1,-1,30,,2,,0,,,,,,,,,,,,,,,,,,0,,,,,80222,,,,,
3101335,-1,-1,-1,-1,30,,2,,0,,,,,,,,,,,,,,,,,,0,,,,,80222,,,,,
3101336,-1,-1,-1,-1,30,,2,,0,,,,,,,,,,,,,,,,,,0,,,,,80222,,,,,
3101337,-1,-1,-1,-1,30,,2,,0,,,,,,,,,,,,,,,,,,0,,,,,80222,,,,,
3101338,-1,-1,-1,-1,30,,2,,0,,,,,,,,,,,,,,,,,,0,,,,,80222,,,,,
3101339,-1,-1,-1,-1,30,,2,,0,,,,,,,,,,,,,,,,,,0,,,,,80223,,,,,
3101340,-1,-1,-1,-1,30,,2,,0,,,,,,,,,,,,,,,,,,0,,,,,80223,,,,,
3101341,-1,-1,-1,-1,30,,2,,0,,,,,,,,,,,,,,,,,,0,,,,,80223,,,,,
3101342,-1,-1,-1,-1,30,,2,,0,,,,,,,,,,,,,,,,,,0,,,,,80223,,,,,
3101343,-1,-1,-1,-1,30,,2,,0,,,,,,,,,,,,,,,,,,0,,,,,80223,,,,,
3101344,-1,-1,-1,-1,30,,2,,0,,,,,,,,,,,,,,,,,,0,,,,,80223,,,,,
3101345,-1,-1,-1,-1,30,,2,,0,,,,,,,,,,,,,,,,,,0,,,,,80224,,,,,
3101346,-1,-1,-1,-1,30,,2,,0,,,,,,,,,,,,,,,,,,0,,,,,80224,,,,,
3101347,-1,-1,-1,-1,30,,2,,0,,,,,,,,,,,,,,,,,,0,,,,,80224,,,,,
3101348,-1,-1,-1,-1,30,,2,,0,,,,,,,,,,,,,,,,,,0,,,,,80224,,,,,
3101349,-1,-1,-1,-1,30,,2,,0,,,,,,,,,,,,,,,,,,0,,,,,80224,,,,,
3101350,-1,-1,-1,-1,30,,2,,0,,,,,,,,,,,,,,,,,,0,,,,,80224,,,,,
3101351,-1,-1,-1,-1,30,,2,,0,,,,,,,,,,,,,,,,,,0,,,,,80225,,,,,
3101352,-1,-1,-1,-1,30,,2,,0,,,,,,,,,,,,,,,,,,0,,,,,80225,,,,,
3101353,-1,-1,-1,-1,30,,2,,0,,,,,,,,,,,,,,,,,,0,,,,,80225,,,,,
3101354,-1,-1,-1,-1,30,,2,,0,,,,,,,,,,,,,,,,,,0,,,,,80225,,,,,
3101355,-1,-1,-1,-1,30,,2,,0,,,,,,,,,,,,,,,,,,0,,,,,80225,,,,,
3101356,-1,-1,-1,-1,30,,2,,0,,,,,,,,,,,,,,,,,,0,,,,,80225,,,,,
3101357,-1,-1,-1,-1,30,,2,,0,,,,,,,,,,,,,,,,,,0,,,,,80226,,,,,
3101358,-1,-1,-1,-1,30,,2,,0,,,,,,,,,,,,,,,,,,0,,,,,80226,,,,,
3101359,-1,-1,-1,-1,30,,2,,0,,,,,,,,,,,,,,,,,,0,,,,,80226,,,,,
3101360,-1,-1,-1,-1,30,,2,,0,,,,,,,,,,,,,,,,,,0,,,,,80226,,,,,
3101361,-1,-1,-1,-1,30,,2,,0,,,,,,,,,,,,,,,,,,0,,,,,80226,,,,,
3101362,-1,-1,-1,-1,30,,2,,0,,,,,,,,,,,,,,,,,,0,,,,,80226,,,,,
3101363,-1,-1,-1,-1,30,,2,,0,,,,,,,,,,,,,,,,,,0,,,,,80227,,,,,
3101364,-1,-1,-1,-1,30,,2,,0,,,,,,,,,,,,,,,,,,0,,,,,80227,,,,,
3101365,-1,-1,-1,-1,30,,2,,0,,,,,,,,,,,,,,,,,,0,,,,,80227,,,,,
3101366,-1,-1,-1,-1,30,,2,,0,,,,,,,,,,,,,,,,,,0,,,,,80227,,,,,
3101367,-1,-1,-1,-1,30,,2,,0,,,,,,,,,,,,,,,,,,0,,,,,80227,,,,,
3101368,-1,-1,-1,-1,30,,2,,0,,,,,,,,,,,,,,,,,,0,,,,,80227,,,,,
3101369,-1,-1,-1,-1,30,,2,,0,,,,,,,,,,,,,,,,,,0,,,,,80228,,,,,
3101370,-1,-1,-1,-1,30,,2,,0,,,,,,,,,,,,,,,,,,0,,,,,80228,,,,,
3101371,-1,-1,-1,-1,30,,2,,0,,,,,,,,,,,,,,,,,,0,,,,,80228,,,,,
3101372,-1,-1,-1,-1,30,,2,,0,,,,,,,,,,,,,,,,,,0,,,,,80228,,,,,
3101373,-1,-1,-1,-1,30,,2,,0,,,,,,,,,,,,,,,,,,0,,,,,80228,,,,,
3101374,-1,-1,-1,-1,30,,2,,0,,,,,,,,,,,,,,,,,,0,,,,,80228,,,,,
3101375,-1,-1,-1,-1,30,,2,,0,,,,,,,,,,,,,,,,,,0,,,,,80229,,,,,
3101376,-1,-1,-1,-1,30,,2,,0,,,,,,,,,,,,,,,,,,0,,,,,80229,,,,,
3101377,-1,-1,-1,-1,30,,2,,0,,,,,,,,,,,,,,,,,,0,,,,,80229,,,,,
3101378,-1,-1,-1,-1,30,,2,,0,,,,,,,,,,,,,,,,,,0,,,,,80229,,,,,
3101379,-1,-1,-1,-1,30,,2,,0,,,,,,,,,,,,,,,,,,0,,,,,80229,,,,,
3101380,-1,-1,-1,-1,30,,2,,0,,,,,,,,,,,,,,,,,,0,,,,,80229,,,,,
3101639,-1,-1,-1,-1,30,,5,,0,,,,,,,,,,,,,,,,,,0,,,,,,,,,,
3101640,-1,-1,-1,-1,30,,5,,0,,,,,,,,,,,,,,,,,,0,,,,,,,,,,
3101641,-1,-1,-1,-1,30,,5,,0,,,,,,,,,,,,,,,,,,0,,,,,,,,,,
3101642,-1,-1,-1,-1,30,,5,,0,,,,,,,,,,,,,,,,,,0,,,,,,,,,,
3101643,-1,-1,-1,-1,30,,5,,0,,,,,,,,,,,,,,,,,,0,,,,,,,,,,
3101644,-1,-1,-1,-1,30,,5,,0,,,,,,,,,,,,,,,,,,0,,,,,,,,,,
3199999,,-1,,,30,,1,,0,,1,,,,,,,,,,,,,,,,0,,,,,,,,,,
3199998,,-1,,,30,,1,,0,,1,,,,,,,,,,,,,,,,0,,,,,,,,,,
3199997,,-1,,,30,,1,,0,,1,,,,,,,,,,,,,,,,0,,,,,,,,,,
3199996,,-1,,,30,,2,,0,,1,,,,,,,,,,,,,,,,0,,,,,,,,,,
3199995,,-1,,,30,,2,,0,,1,,,,,,,,,,,,,,,,0,,,,,,,,,,
3199994,,-1,,,30,,2,,0,,1,,,,,,,,,,,,,,,,0,,,,,,,,,,
3199993,,-1,,,30,,3,,0,,1,,,,,,,,,,,,,,,,0,,,,,,,,,,
3199992,,-1,,,30,,3,,0,,1,,,,,,,,,,,,,,,,0,,,,,,,,,,
3199991,,-1,,,30,,4,,0,,1,,,,,,,,,,,,,,,,0,,,,,,,,,,
3199990,,-1,,,30,,4,,0,,1,,,,,,,,,,,,,,,,0,,,,,,,,,,
3199989,,-1,,,30,,5,,0,,1,,,,,,,,,,,,,,,,0,,,,,,,,,,
3199988,,-1,,,30,,5,,0,,1,,,,,,,,,,,,,,,,0,,,,,,,,,,
3199987,,-1,,,30,,6,,0,,1,,,,,,,,,,,,,,,,0,,,,,,,,,,
3199986,,-1,,,30,,6,,0,,1,,,,,,,,,,,,,,,,0,,,,,,,,,,
3299999,,-1,,,31,,1,,0,,1,,,,,,,,,,,,,,,,0,,,,,,,,,999999,
3299998,,-1,,,31,,1,,0,,1,,,,,,,,,,,,,,,,0,,,,,,,,,999998,
3299997,,-1,,,31,,1,,0,,1,,,,,,,,,,,,,,,,0,,,,,,,,,999997,
3299996,,-1,,,31,,2,,0,,1,,,,,,,,,,,,,,,,0,,,,,,,,,999996,
3299995,,-1,,,31,,2,,0,,1,,,,,,,,,,,,,,,,0,,,,,,,,,999995,
3299994,,-1,,,31,,2,,0,,1,,,,,,,,,,,,,,,,0,,,,,,,,,999994,
3299993,,-1,,,31,,3,,0,,1,,,,,,,,,,,,,,,,0,,,,,,,,,999993,
3299992,,-1,,,31,,3,,0,,1,,,,,,,,,,,,,,,,0,,,,,,,,,999992,
3299991,,-1,,,31,,4,,0,,1,,,,,,,,,,,,,,,,0,,,,,,,,,999991,
3299990,,-1,,,31,,4,,0,,1,,,,,,,,,,,,,,,,0,,,,,,,,,999990,
3299989,,-1,,,31,,5,,0,,1,,,,,,,,,,,,,,,,0,,,,,,,,,999989,
3299988,,-1,,,31,,5,,0,,1,,,,,,,,,,,,,,,,0,,,,,,,,,999988,
3299987,,-1,,,31,,6,,0,,1,,,,,,,,,,,,,,,,0,,,,,,,,,999987,
3299986,,-1,,,31,,6,,0,,1,,,,,,,,,,,,,,,,0,,,,,,,,,999986,
3299985,,-1,,,31,,3,,0,,1,,,,,,,,,,,,,,,,0,,,,,,,,,999999,
3299984,,-1,,,31,,3,,0,,1,,,,,,,,,,,,,,,,0,,,,,,,,,999999,
3299983,,-1,,,31,,3,,0,,1,,,,,,,,,,,,,,,,0,,,,,,,,,999999,
3299982,,-1,,,31,,3,,0,,1,,,,,,,,,,,,,,,,0,,,,,,,,,999999,
3299981,,-1,,,31,,3,,0,,1,,,,,,,,,,,,,,,,0,,,,,,,,,999999,
3299980,,-1,,,31,,6,,0,,1,,,,,,,,,,,,,,,,0,,,,,,,,,999987,
3299979,,-1,,,31,,6,,0,,1,,,,,,,,,,,,,,,,0,,,,,,,,,999987,
3299978,,-1,,,31,,6,,0,,1,,,,,,,,,,,,,,,,0,,,,,,,,,999987,
3299977,,-1,,,31,,6,,0,,1,,,,,,,,,,,,,,,,0,,,,,,,,,999987,
3299976,,-1,,,31,,6,,0,,1,,,,,,,,,,,,,,,,0,,,,,,,,,999987,
3200025,-1,-1,-1,,31,,5,,0,,1,icon_dress_1000501,,,,,,,,,,,,,,,0,,,,,,,,,101005,
3200031,-1,-1,-1,,31,,5,,0,,1,icon_dress_1000601,,,,,,,,,,,,,,,0,,,,,,,,,101006,
3200037,-1,-1,-1,,31,,5,,0,,1,icon_dress_1000701,,,,,,,,,,,,,,,0,,,,,,,,,101007,
3200043,-1,-1,-1,,31,,5,,0,,1,icon_dress_1000801,,,,,,,,,,,,,,,0,,,,,,,,,101008,
3200049,-1,-1,-1,,31,,5,,0,,1,icon_dress_1000901,,,,,,,,,,,,,,,0,,,,,,,,,101009,
3200055,-1,-1,-1,,31,,6,,0,,1,icon_dress_1001001,,,,,,,,,,,,,,,0,,,,,,,,,101010,
3200061,-1,-1,-1,,31,,6,,0,,1,icon_dress_1001101,,,,,,,,,,,,,,,0,,,,,,,,,101011,
3200067,-1,-1,-1,,31,,6,,0,,1,icon_dress_1001201,,,,,,,,,,,,,,,0,,,,,,,,,101012,
3200073,-1,-1,-1,,31,,6,,0,,1,icon_dress_1001301,,,,,,,,,,,,,,,0,,,,,,,,,101013,
3200079,-1,-1,-1,,31,,6,,0,,1,icon_dress_1001401,,,,,,,,,,,,,,,0,,,,,,,,,101014,
3200085,-1,-1,-1,,31,,5,,0,,1,icon_dress_1001501,,,,,,,,,,,,,,,0,,,,,,,,,101015,
3200091,-1,-1,-1,,31,,5,,0,,1,icon_dress_1001601,,,,,,,,,,,,,,,0,,,,,,,,,101016,
3200097,-1,-1,-1,,31,,5,,0,,1,icon_dress_1001701,,,,,,,,,,,,,,,0,,,,,,,,,101017,
3200103,-1,-1,-1,,31,,5,,0,,1,icon_dress_1001801,,,,,,,,,,,,,,,0,,,,,,,,,101018,
3200109,-1,-1,-1,,31,,5,,0,,1,icon_dress_1001901,,,,,,,,,,,,,,,0,,,,,,,,,101019,
3200115,-1,-1,-1,,31,,5,,0,,1,icon_dress_1002001,,,,,,,,,,,,,,,0,,,,,,,,,101020,
3200121,-1,-1,-1,,31,,5,,0,,1,icon_dress_1002101,,,,,,,,,,,,,,,0,,,,,,,,,101021,
3200127,-1,-1,-1,,31,,5,,0,,1,icon_dress_1002201,,,,,,,,,,,,,,,0,,,,,,,,,101022,
3200133,-1,-1,-1,,31,,5,,0,,1,icon_dress_1002301,,,,,,,,,,,,,,,0,,,,,,,,,101023,
3200139,-1,-1,-1,,31,,6,,0,,1,icon_dress_1002401,,,,,,,,,,,,,,,0,,,,,,,,,101024,
3200145,-1,-1,-1,,31,,6,,0,,1,icon_dress_1002501,,,,,,,,,,,,,,,0,,,,,,,,,101025,
3200151,-1,-1,-1,,31,,6,,0,,1,icon_dress_1002601,,,,,,,,,,,,,,,0,,,,,,,,,101026,
3200157,-1,-1,-1,,31,,6,,0,,1,icon_dress_1002701,,,,,,,,,,,,,,,0,,,,,,,,,101027,
3200163,-1,-1,-1,,31,,6,,0,,1,icon_dress_1002801,,,,,,,,,,,,,,,0,,,,,,,,,101028,
3200169,-1,-1,-1,,31,,3,,0,,1,icon_dress_1002901,,,,,,,,,,,,,,,0,,,,,,,,,101029,
3200175,-1,-1,-1,,31,,3,,0,,1,icon_dress_1003001,,,,,,,,,,,,,,,0,,,,,,,,,101030,
3200181,-1,-1,-1,,31,,3,,0,,1,icon_dress_1003101,,,,,,,,,,,,,,,0,,,,,,,,,101031,
3200187,-1,-1,-1,,31,,3,,0,,1,icon_dress_1003201,,,,,,,,,,,,,,,0,,,,,,,,,101032,
3200193,-1,-1,-1,,31,,3,,0,,1,icon_dress_1003301,,,,,,,,,,,,,,,0,,,,,,,,,101033,
3200199,-1,-1,-1,,31,,4,,0,,1,icon_dress_1003401,,,,,,,,,,,,,,,0,,,,,,,,,101034,
3200205,-1,-1,-1,,31,,4,,0,,1,icon_dress_1003501,,,,,,,,,,,,,,,0,,,,,,,,,101035,
3200211,-1,-1,-1,,31,,4,,0,,1,icon_dress_1003601,,,,,,,,,,,,,,,0,,,,,,,,,101036,
3200217,-1,-1,-1,,31,,4,,0,,1,icon_dress_1003701,,,,,,,,,,,,,,,0,,,,,,,,,101037,
3200223,-1,-1,-1,,31,,4,,0,,1,icon_dress_1003801,,,,,,,,,,,,,,,0,,,,,,,,,101038,
3200229,-1,-1,-1,,31,,2,,0,,1,icon_dress_1003901,,,,,,,,,,,,,,,0,,,,,,,,,101039,
3200235,-1,-1,-1,,31,,2,,0,,1,icon_dress_1004001,,,,,,,,,,,,,,,0,,,,,,,,,101040,
3200241,-1,-1,-1,,31,,2,,0,,1,icon_dress_1004101,,,,,,,,,,,,,,,0,,,,,,,,,101041,
3200247,-1,-1,-1,,31,,2,,0,,1,icon_dress_1004201,,,,,,,,,,,,,,,0,,,,,,,,,101042,
3200253,-1,-1,-1,,31,,2,,0,,1,icon_dress_1004301,,,,,,,,,,,,,,,0,,,,,,,,,101043,
3200259,-1,-1,-1,,31,,1,,0,,1,icon_dress_1004401,,,,,,,,,,,,,,,0,,,,,,,,,101044,
3200265,-1,-1,-1,,31,,6,,0,,1,icon_dress_1004501,,,,,,,,,,,,,,,0,,,,,,,,,101045,
3200271,-1,-1,-1,,31,,6,,0,,1,icon_dress_1004601,,,,,,,,,,,,,,,0,,,,,,,,,101046,
3200277,-1,-1,-1,,31,,6,,0,,1,icon_dress_1004701,,,,,,,,,,,,,,,0,,,,,,,,,101047,
3200283,-1,-1,-1,,31,,6,,0,,1,icon_dress_1004801,,,,,,,,,,,,,,,0,,,,,,,,,101048,
3200289,-1,-1,-1,,31,,6,,0,,1,icon_dress_1004901,,,,,,,,,,,,,,,0,,,,,,,,,101049,
3200295,-1,-1,-1,,31,,6,,0,,1,icon_dress_1005001,,,,,,,,,,,,,,,0,,,,,,,,,101050,
3200301,-1,-1,-1,,31,,6,,0,,1,icon_dress_1005101,,,,,,,,,,,,,,,0,,,,,,,,,101051,
3200307,-1,-1,-1,,31,,6,,0,,1,icon_dress_1005201,,,,,,,,,,,,,,,0,,,,,,,,,101052,
3200313,-1,-1,-1,,31,,6,,0,,1,icon_dress_1005301,,,,,,,,,,,,,,,0,,,,,,,,,101053,
3200319,-1,-1,-1,,31,,6,,0,,1,icon_dress_1005401,,,,,,,,,,,,,,,0,,,,,,,,,101054,
3200325,-1,-1,-1,,31,,4,,0,,1,icon_dress_1005501,,,,,,,,,,,,,,,0,,,,,,,,,101055,
3200331,-1,-1,-1,,31,,4,,0,,1,icon_dress_1005601,,,,,,,,,,,,,,,0,,,,,,,,,101056,
3200337,-1,-1,-1,,31,,4,,0,,1,icon_dress_1005701,,,,,,,,,,,,,,,0,,,,,,,,,101057,
3200343,-1,-1,-1,,31,,4,,0,,1,icon_dress_1005801,,,,,,,,,,,,,,,0,,,,,,,,,101058,
3200349,-1,-1,-1,,31,,4,,0,,1,icon_dress_1005901,,,,,,,,,,,,,,,0,,,,,,,,,101059,
3200355,-1,-1,-1,,31,,4,,0,,1,icon_dress_1006001,,,,,,,,,,,,,,,0,,,,,,,,,101060,
3200361,-1,-1,-1,,31,,4,,0,,1,icon_dress_1006101,,,,,,,,,,,,,,,0,,,,,,,,,101061,
3200367,-1,-1,-1,,31,,4,,0,,1,icon_dress_1006201,,,,,,,,,,,,,,,0,,,,,,,,,101062,
3200373,-1,-1,-1,,31,,4,,0,,1,icon_dress_1006301,,,,,,,,,,,,,,,0,,,,,,,,,101063,
3200379,-1,-1,-1,,31,,4,,0,,1,icon_dress_1006401,,,,,,,,,,,,,,,0,,,,,,,,,101064,
3200385,-1,-1,-1,,31,,3,,0,,1,icon_dress_1006501,,,,,,,,,,,,,,,0,,,,,,,,,101065,
3200391,-1,-1,-1,,31,,3,,0,,1,icon_dress_1006601,,,,,,,,,,,,,,,0,,,,,,,,,101066,
3200397,-1,-1,-1,,31,,3,,0,,1,icon_dress_1006701,,,,,,,,,,,,,,,0,,,,,,,,,101067,
3200403,-1,-1,-1,,31,,3,,0,,1,icon_dress_1006801,,,,,,,,,,,,,,,0,,,,,,,,,101068,
3200409,-1,-1,-1,,31,,3,,0,,1,icon_dress_1006901,,,,,,,,,,,,,,,0,,,,,,,,,101069,
3200415,-1,-1,-1,,31,,3,,0,,1,icon_dress_1007001,,,,,,,,,,,,,,,0,,,,,,,,,101070,
3200421,-1,-1,-1,,31,,3,,0,,1,icon_dress_1007101,,,,,,,,,,,,,,,0,,,,,,,,,101071,
3200427,-1,-1,-1,,31,,3,,0,,1,icon_dress_1007201,,,,,,,,,,,,,,,0,,,,,,,,,101072,
3200433,-1,-1,-1,,31,,3,,0,,1,icon_dress_1007301,,,,,,,,,,,,,,,0,,,,,,,,,101073,
3200439,-1,-1,-1,,31,,3,,0,,1,icon_dress_1007401,,,,,,,,,,,,,,,0,,,,,,,,,101074,
3200445,-1,-1,-1,,31,,2,,0,,1,icon_dress_1007501,,,,,,,,,,,,,,,0,,,,,,,,,101075,
3200451,-1,-1,-1,,31,,2,,0,,1,icon_dress_1007601,,,,,,,,,,,,,,,0,,,,,,,,,101076,
3200457,-1,-1,-1,,31,,2,,0,,1,icon_dress_1007701,,,,,,,,,,,,,,,0,,,,,,,,,101077,
3200463,-1,-1,-1,,31,,2,,0,,1,icon_dress_1007801,,,,,,,,,,,,,,,0,,,,,,,,,101078,
3200469,-1,-1,-1,,31,,2,,0,,1,icon_dress_1007901,,,,,,,,,,,,,,,0,,,,,,,,,101079,
3200475,-1,-1,-1,,31,,6,,0,,1,icon_dress_1008001,,,,,,,,,,,,,,,0,,,,,,,,,101080,
3200481,-1,-1,-1,,31,,6,,0,,1,icon_dress_1008101,,,,,,,,,,,,,,,0,,,,,,,,,101081,
3200487,-1,-1,-1,,31,,6,,0,,1,icon_dress_1008201,,,,,,,,,,,,,,,0,,,,,,,,,101082,
3200493,-1,-1,-1,,31,,6,,0,,1,icon_dress_1008301,,,,,,,,,,,,,,,0,,,,,,,,,101083,
3200499,-1,-1,-1,,31,,6,,0,,1,icon_dress_1008401,,,,,,,,,,,,,,,0,,,,,,,,,101084,
3200505,-1,-1,-1,,31,,5,,0,,1,icon_dress_1008501,,,,,,,,,,,,,,,0,,,,,,,,,101085,
3200511,-1,-1,-1,,31,,5,,0,,1,icon_dress_1008601,,,,,,,,,,,,,,,0,,,,,,,,,101086,
3200517,-1,-1,-1,,31,,5,,0,,1,icon_dress_1008701,,,,,,,,,,,,,,,0,,,,,,,,,101087,
3200523,-1,-1,-1,,31,,5,,0,,1,icon_dress_1008801,,,,,,,,,,,,,,,0,,,,,,,,,101088,
3200529,-1,-1,-1,,31,,5,,0,,1,icon_dress_1008901,,,,,,,,,,,,,,,0,,,,,,,,,101089,
3200535,-1,-1,-1,,31,,5,,0,,1,icon_dress_1009001,,,,,,,,,,,,,,,0,,,,,,,,,101090,
3200541,-1,-1,-1,,31,,6,,0,,1,icon_dress_1009101,,,,,,,,,,,,,,,0,,,,,,,,,101091,
3200547,-1,-1,-1,,31,,6,,0,,1,icon_dress_1009201,,,,,,,,,,,,,,,0,,,,,,,,,101092,
3200553,-1,-1,-1,,31,,6,,0,,1,icon_dress_1009301,,,,,,,,,,,,,,,0,,,,,,,,,101093,
3200559,-1,-1,-1,,31,,6,,0,,1,icon_dress_1009401,,,,,,,,,,,,,,,0,,,,,,,,,101094,
3200565,-1,-1,-1,,31,,6,,0,,1,icon_dress_1009501,,,,,,,,,,,,,,,0,,,,,,,,,101095,
3200571,-1,-1,-1,,31,,2,,0,,1,icon_dress_1009601,,,,,,,,,,,,,,,0,,,,,,,,,101096,
3200577,-1,-1,-1,,31,,2,,0,,1,icon_dress_1009701,,,,,,,,,,,,,,,0,,,,,,,,,101097,
3200583,-1,-1,-1,,31,,2,,0,,1,icon_dress_1009801,,,,,,,,,,,,,,,0,,,,,,,,,101098,
3200589,-1,-1,-1,,31,,2,,0,,1,icon_dress_1009901,,,,,,,,,,,,,,,0,,,,,,,,,101099,
3200595,-1,-1,-1,,31,,2,,0,,1,icon_dress_1010001,,,,,,,,,,,,,,,0,,,,,,,,,101100,
3200601,-1,-1,-1,,31,,2,,0,,1,icon_dress_1010101,,,,,,,,,,,,,,,0,,,,,,,,,101101,
3200607,-1,-1,-1,,31,,2,,0,,1,icon_dress_1010201,,,,,,,,,,,,,,,0,,,,,,,,,101102,
3200613,-1,-1,-1,,31,,2,,0,,1,icon_dress_1010301,,,,,,,,,,,,,,,0,,,,,,,,,101103,
3200619,-1,-1,-1,,31,,2,,0,,1,icon_dress_1010401,,,,,,,,,,,,,,,0,,,,,,,,,101104,
3200625,-1,-1,-1,,31,,2,,0,,1,icon_dress_1010501,,,,,,,,,,,,,,,0,,,,,,,,,101105,
3200631,-1,-1,-1,,31,,2,,0,,1,icon_dress_1010601,,,,,,,,,,,,,,,0,,,,,,,,,101106,
3200637,-1,-1,-1,,31,,2,,0,,1,icon_dress_1010701,,,,,,,,,,,,,,,0,,,,,,,,,101107,
3200643,-1,-1,-1,,31,,2,,0,,1,icon_dress_1010801,,,,,,,,,,,,,,,0,,,,,,,,,101108,
3200649,-1,-1,-1,,31,,2,,0,,1,icon_dress_1010901,,,,,,,,,,,,,,,0,,,,,,,,,101109,
3200655,-1,-1,-1,,31,,2,,0,,1,icon_dress_1011001,,,,,,,,,,,,,,,0,,,,,,,,,101110,
3200661,-1,-1,-1,,31,,4,,0,,1,icon_dress_1011101,,,,,,,,,,,,,,,0,,,,,,,,,101111,
3200667,-1,-1,-1,,31,,4,,0,,1,icon_dress_1011201,,,,,,,,,,,,,,,0,,,,,,,,,101112,
3200673,-1,-1,-1,,31,,4,,0,,1,icon_dress_1011301,,,,,,,,,,,,,,,0,,,,,,,,,101113,
3200679,-1,-1,-1,,31,,4,,0,,1,icon_dress_1011401,,,,,,,,,,,,,,,0,,,,,,,,,101114,
3200685,-1,-1,-1,,31,,4,,0,,1,icon_dress_1011501,,,,,,,,,,,,,,,0,,,,,,,,,101115,
3200691,-1,-1,-1,,31,,5,,0,,1,icon_dress_1011601,,,,,,,,,,,,,,,0,,,,,,,,,101116,
3200697,-1,-1,-1,,31,,5,,0,,1,icon_dress_1011701,,,,,,,,,,,,,,,0,,,,,,,,,101117,
3200703,-1,-1,-1,,31,,5,,0,,1,icon_dress_1011801,,,,,,,,,,,,,,,0,,,,,,,,,101118,
3200709,-1,-1,-1,,31,,5,,0,,1,icon_dress_1011901,,,,,,,,,,,,,,,0,,,,,,,,,101119,
3200715,-1,-1,-1,,31,,5,,0,,1,icon_dress_1012001,,,,,,,,,,,,,,,0,,,,,,,,,101120,
3200721,-1,-1,-1,,31,,3,,0,,1,icon_dress_1012101,,,,,,,,,,,,,,,0,,,,,,,,,101121,
3200727,-1,-1,-1,,31,,3,,0,,1,icon_dress_1012201,,,,,,,,,,,,,,,0,,,,,,,,,101122,
3200733,-1,-1,-1,,31,,3,,0,,1,icon_dress_1012301,,,,,,,,,,,,,,,0,,,,,,,,,101123,
3200739,-1,-1,-1,,31,,3,,0,,1,icon_dress_1013401,,,,,,,,,,,,,,,0,,,,,,,,,101124,
3200745,-1,-1,-1,,31,,3,,0,,1,icon_dress_1013501,,,,,,,,,,,,,,,0,,,,,,,,,101125,
3200751,-1,-1,-1,,31,,3,,0,,1,icon_dress_1012601,,,,,,,,,,,,,,,0,,,,,,,,,101126,
3200757,-1,-1,-1,,31,,3,,0,,1,icon_dress_1012701,,,,,,,,,,,,,,,0,,,,,,,,,101127,
3200763,-1,-1,-1,,31,,3,,0,,1,icon_dress_1012801,,,,,,,,,,,,,,,0,,,,,,,,,101128,
3200769,-1,-1,-1,,31,,3,,0,,1,icon_dress_1013401,,,,,,,,,,,,,,,0,,,,,,,,,101129,
3200775,-1,-1,-1,,31,,3,,0,,1,icon_dress_1013501,,,,,,,,,,,,,,,0,,,,,,,,,101130,
3200781,-1,-1,-1,,31,,3,,0,,1,icon_dress_1013101,,,,,,,,,,,,,,,0,,,,,,,,,101131,
3200787,-1,-1,-1,,31,,3,,0,,1,icon_dress_1013201,,,,,,,,,,,,,,,0,,,,,,,,,101132,
3200793,-1,-1,-1,,31,,3,,0,,1,icon_dress_1013301,,,,,,,,,,,,,,,0,,,,,,,,,101133,
3200799,-1,-1,-1,,31,,3,,0,,1,icon_dress_1013401,,,,,,,,,,,,,,,0,,,,,,,,,101134,
3200805,-1,-1,-1,,31,,3,,0,,1,icon_dress_1013501,,,,,,,,,,,,,,,0,,,,,,,,,101135,
3200811,-1,-1,-1,,31,,5,,0,,1,icon_dress_1013601,,,,,,,,,,,,,,,0,,,,,,,,,101136,
3200817,-1,-1,-1,,31,,5,,0,,1,icon_dress_1013701,,,,,,,,,,,,,,,0,,,,,,,,,101137,
3200823,-1,-1,-1,,31,,5,,0,,1,icon_dress_1013801,,,,,,,,,,,,,,,0,,,,,,,,,101138,
3200829,-1,-1,-1,,31,,5,,0,,1,icon_dress_1013901,,,,,,,,,,,,,,,0,,,,,,,,,101139,
3200835,-1,-1,-1,,31,,5,,0,,1,icon_dress_1014001,,,,,,,,,,,,,,,0,,,,,,,,,101140,
3200841,-1,-1,-1,,31,,5,,0,,1,icon_dress_1014101,,,,,,,,,,,,,,,0,,,,,,,,,101141,
3200847,-1,-1,-1,,31,,5,,0,,1,icon_dress_1014201,,,,,,,,,,,,,,,0,,,,,,,,,101142,
3200853,-1,-1,-1,,31,,5,,0,,1,icon_dress_1014301,,,,,,,,,,,,,,,0,,,,,,,,,101143,
3200859,-1,-1,-1,,31,,5,,0,,1,icon_dress_1014401,,,,,,,,,,,,,,,0,,,,,,,,,101144,
3200865,-1,-1,-1,,31,,5,,0,,1,icon_dress_1014501,,,,,,,,,,,,,,,0,,,,,,,,,101145,
3200871,-1,-1,-1,,31,,5,,0,,1,icon_dress_1014601,,,,,,,,,,,,,,,0,,,,,,,,,101146,
3200877,-1,-1,-1,,31,,5,,0,,1,icon_dress_1014701,,,,,,,,,,,,,,,0,,,,,,,,,101147,
3200883,-1,-1,-1,,31,,5,,0,,1,icon_dress_1014801,,,,,,,,,,,,,,,0,,,,,,,,,101148,
3200889,-1,-1,-1,,31,,5,,0,,1,icon_dress_1014901,,,,,,,,,,,,,,,0,,,,,,,,,101149,
3200895,-1,-1,-1,,31,,5,,0,,1,icon_dress_1015001,,,,,,,,,,,,,,,0,,,,,,,,,101150,
3200901,-1,-1,-1,,31,,4,,0,,1,icon_dress_1015101,,,,,,,,,,,,,,,0,,,,,,,,,101151,
3200907,-1,-1,-1,,31,,4,,0,,1,icon_dress_1015201,,,,,,,,,,,,,,,0,,,,,,,,,101152,
3200913,-1,-1,-1,,31,,4,,0,,1,icon_dress_1015301,,,,,,,,,,,,,,,0,,,,,,,,,101153,
3200919,-1,-1,-1,,31,,4,,0,,1,icon_dress_1015401,,,,,,,,,,,,,,,0,,,,,,,,,101154,
3200925,-1,-1,-1,,31,,4,,0,,1,icon_dress_1015501,,,,,,,,,,,,,,,0,,,,,,,,,101155,
3200931,-1,-1,-1,,31,,4,,0,,1,icon_dress_1015601,,,,,,,,,,,,,,,0,,,,,,,,,101156,
3200937,-1,-1,-1,,31,,4,,0,,1,icon_dress_1015701,,,,,,,,,,,,,,,0,,,,,,,,,101157,
3200943,-1,-1,-1,,31,,4,,0,,1,icon_dress_1015801,,,,,,,,,,,,,,,0,,,,,,,,,101158,
3200949,-1,-1,-1,,31,,4,,0,,1,icon_dress_1015901,,,,,,,,,,,,,,,0,,,,,,,,,101159,
3200955,-1,-1,-1,,31,,4,,0,,1,icon_dress_1016001,,,,,,,,,,,,,,,0,,,,,,,,,101160,
3200961,-1,-1,-1,,31,,6,,0,,1,icon_dress_1016101,,,,,,,,,,,,,,,0,,,,,,,,,101161,
3200967,-1,-1,-1,,31,,6,,0,,1,icon_dress_1016201,,,,,,,,,,,,,,,0,,,,,,,,,101162,
3200973,-1,-1,-1,,31,,6,,0,,1,icon_dress_1016301,,,,,,,,,,,,,,,0,,,,,,,,,101163,
3200979,-1,-1,-1,,31,,6,,0,,1,icon_dress_1016401,,,,,,,,,,,,,,,0,,,,,,,,,101164,
3200985,-1,-1,-1,,31,,6,,0,,1,icon_dress_1016501,,,,,,,,,,,,,,,0,,,,,,,,,101165,
3200991,-1,-1,-1,,31,,6,,0,,1,icon_dress_1016601,,,,,,,,,,,,,,,0,,,,,,,,,101166,
3200997,-1,-1,-1,,31,,6,,0,,1,icon_dress_1016701,,,,,,,,,,,,,,,0,,,,,,,,,101167,
3201003,-1,-1,-1,,31,,6,,0,,1,icon_dress_1016801,,,,,,,,,,,,,,,0,,,,,,,,,101168,
3201009,-1,-1,-1,,31,,6,,0,,1,icon_dress_1016901,,,,,,,,,,,,,,,0,,,,,,,,,101169,
3201015,-1,-1,-1,,31,,6,,0,,1,icon_dress_1017001,,,,,,,,,,,,,,,0,,,,,,,,,101170,
3201021,-1,-1,-1,,31,,5,,0,,1,icon_dress_1017101,,,,,,,,,,,,,,,0,,,,,,,,,101171,
3201027,-1,-1,-1,,31,,5,,0,,1,icon_dress_1017201,,,,,,,,,,,,,,,0,,,,,,,,,101172,
3201033,-1,-1,-1,,31,,5,,0,,1,icon_dress_1017301,,,,,,,,,,,,,,,0,,,,,,,,,101173,
3201039,-1,-1,-1,,31,,5,,0,,1,icon_dress_1017401,,,,,,,,,,,,,,,0,,,,,,,,,101174,
3201045,-1,-1,-1,,31,,5,,0,,1,icon_dress_1017501,,,,,,,,,,,,,,,0,,,,,,,,,101175,
3201051,-1,-1,-1,,31,,5,,0,,1,icon_dress_1017601,,,,,,,,,,,,,,,0,,,,,,,,,101176,
3201057,-1,-1,-1,,31,,5,,0,,1,icon_dress_1017701,,,,,,,,,,,,,,,0,,,,,,,,,101177,
3201063,-1,-1,-1,,31,,5,,0,,1,icon_dress_1017801,,,,,,,,,,,,,,,0,,,,,,,,,101178,
3201069,-1,-1,-1,,31,,5,,0,,1,icon_dress_1017901,,,,,,,,,,,,,,,0,,,,,,,,,101179,
3201075,-1,-1,-1,,31,,5,,0,,1,icon_dress_1018001,,,,,,,,,,,,,,,0,,,,,,,,,101180,
3201081,-1,-1,-1,,31,,6,,0,,1,icon_dress_1018101,,,,,,,,,,,,,,,0,,,,,,,,,101181,
3201087,-1,-1,-1,,31,,6,,0,,1,icon_dress_1018201,,,,,,,,,,,,,,,0,,,,,,,,,101182,
3201093,-1,-1,-1,,31,,6,,0,,1,icon_dress_1018301,,,,,,,,,,,,,,,0,,,,,,,,,101183,
3201099,-1,-1,-1,,31,,6,,0,,1,icon_dress_1018401,,,,,,,,,,,,,,,0,,,,,,,,,101184,
3201105,-1,-1,-1,,31,,6,,0,,1,icon_dress_1018501,,,,,,,,,,,,,,,0,,,,,,,,,101185,
3201111,-1,-1,-1,,31,,5,,0,,1,icon_dress_1018601,,,,,,,,,,,,,,,0,,,,,,,,,101186,
3201117,-1,-1,-1,,31,,5,,0,,1,icon_dress_1018701,,,,,,,,,,,,,,,0,,,,,,,,,101187,
3201123,-1,-1,-1,,31,,5,,0,,1,icon_dress_1018801,,,,,,,,,,,,,,,0,,,,,,,,,101188,
3201129,-1,-1,-1,,31,,5,,0,,1,icon_dress_1018901,,,,,,,,,,,,,,,0,,,,,,,,,101189,
3201135,-1,-1,-1,,31,,5,,0,,1,icon_dress_1019001,,,,,,,,,,,,,,,0,,,,,,,,,101190,
3201141,-1,-1,-1,,31,,5,,0,,1,icon_dress_1019101,,,,,,,,,,,,,,,0,,,,,,,,,101191,
3201147,-1,-1,-1,,31,,5,,0,,1,icon_dress_1019201,,,,,,,,,,,,,,,0,,,,,,,,,101192,
3201153,-1,-1,-1,,31,,5,,0,,1,icon_dress_1019301,,,,,,,,,,,,,,,0,,,,,,,,,101193,
3201159,-1,-1,-1,,31,,5,,0,,1,icon_dress_1019401,,,,,,,,,,,,,,,0,,,,,,,,,101194,
3201165,-1,-1,-1,,31,,5,,0,,1,icon_dress_1019501,,,,,,,,,,,,,,,0,,,,,,,,,101195,
3201171,-1,-1,-1,,31,,6,,0,,1,icon_dress_1019601,,,,,,,,,,,,,,,0,,,,,,,,,101196,
3201177,-1,-1,-1,,31,,6,,0,,1,icon_dress_1019701,,,,,,,,,,,,,,,0,,,,,,,,,101197,
3201183,-1,-1,-1,,31,,6,,0,,1,icon_dress_1019801,,,,,,,,,,,,,,,0,,,,,,,,,101198,
3201189,-1,-1,-1,,31,,6,,0,,1,icon_dress_1019901,,,,,,,,,,,,,,,0,,,,,,,,,101199,
3201195,-1,-1,-1,,31,,6,,0,,1,icon_dress_1020001,,,,,,,,,,,,,,,0,,,,,,,,,101200,
3201201,-1,-1,-1,,31,,6,,0,,1,icon_dress_1020101,,,,,,,,,,,,,,,0,,,,,,,,,101201,
3201207,-1,-1,-1,,31,,6,,0,,1,icon_dress_1020201,,,,,,,,,,,,,,,0,,,,,,,,,101202,
3201213,-1,-1,-1,,31,,6,,0,,1,icon_dress_1020301,,,,,,,,,,,,,,,0,,,,,,,,,101203,
3201219,-1,-1,-1,,31,,6,,0,,1,icon_dress_1020401,,,,,,,,,,,,,,,0,,,,,,,,,101204,
3201225,-1,-1,-1,,31,,6,,0,,1,icon_dress_1020501,,,,,,,,,,,,,,,0,,,,,,,,,101205,
3201231,-1,-1,-1,,31,,5,,0,,1,icon_dress_1020601,,,,,,,,,,,,,,,0,,,,,,,,,101206,
3201237,-1,-1,-1,,31,,5,,0,,1,icon_dress_1020701,,,,,,,,,,,,,,,0,,,,,,,,,101207,
3201243,-1,-1,-1,,31,,5,,0,,1,icon_dress_1020801,,,,,,,,,,,,,,,0,,,,,,,,,101208,
3201249,-1,-1,-1,,31,,5,,0,,1,icon_dress_1020901,,,,,,,,,,,,,,,0,,,,,,,,,101209,
3201255,-1,-1,-1,,31,,5,,0,,1,icon_dress_1021001,,,,,,,,,,,,,,,0,,,,,,,,,101210,
3201261,-1,-1,-1,,31,,5,,0,,1,icon_dress_1021101,,,,,,,,,,,,,,,0,,,,,,,,,101211,
3201267,-1,-1,-1,,31,,5,,0,,1,icon_dress_1021201,,,,,,,,,,,,,,,0,,,,,,,,,101212,
3201273,-1,-1,-1,,31,,5,,0,,1,icon_dress_1021301,,,,,,,,,,,,,,,0,,,,,,,,,101213,
3201279,-1,-1,-1,,31,,5,,0,,1,icon_dress_1021401,,,,,,,,,,,,,,,0,,,,,,,,,101214,
3201285,-1,-1,-1,,31,,5,,0,,1,icon_dress_1021501,,,,,,,,,,,,,,,0,,,,,,,,,101215,
3201291,-1,-1,-1,,31,,2,,0,,1,icon_dress_1021601,,,,,,,,,,,,,,,0,,,,,,,,,101216,
3201297,-1,-1,-1,,31,,2,,0,,1,icon_dress_1021701,,,,,,,,,,,,,,,0,,,,,,,,,101217,
3201303,-1,-1,-1,,31,,2,,0,,1,icon_dress_1021801,,,,,,,,,,,,,,,0,,,,,,,,,101218,
3201309,-1,-1,-1,,31,,2,,0,,1,icon_dress_1021901,,,,,,,,,,,,,,,0,,,,,,,,,101219,
3201315,-1,-1,-1,,31,,2,,0,,1,icon_dress_1022001,,,,,,,,,,,,,,,0,,,,,,,,,101220,
3201321,-1,-1,-1,,31,,2,,0,,1,icon_dress_1022101,,,,,,,,,,,,,,,0,,,,,,,,,101221,
3201327,-1,-1,-1,,31,,2,,0,,1,icon_dress_1022201,,,,,,,,,,,,,,,0,,,,,,,,,101222,
3201333,-1,-1,-1,,31,,2,,0,,1,icon_dress_1022301,,,,,,,,,,,,,,,0,,,,,,,,,101223,
3201339,-1,-1,-1,,31,,2,,0,,1,icon_dress_1022401,,,,,,,,,,,,,,,0,,,,,,,,,101224,
3201345,-1,-1,-1,,31,,2,,0,,1,icon_dress_1022501,,,,,,,,,,,,,,,0,,,,,,,,,101225,
3201351,-1,-1,-1,,31,,2,,0,,1,icon_dress_1022601,,,,,,,,,,,,,,,0,,,,,,,,,101226,
3201357,-1,-1,-1,,31,,2,,0,,1,icon_dress_1022701,,,,,,,,,,,,,,,0,,,,,,,,,101227,
3201363,-1,-1,-1,,31,,2,,0,,1,icon_dress_1022801,,,,,,,,,,,,,,,0,,,,,,,,,101228,
3201369,-1,-1,-1,,31,,2,,0,,1,icon_dress_1022901,,,,,,,,,,,,,,,0,,,,,,,,,101229,
3201375,-1,-1,-1,,31,,2,,0,,1,icon_dress_1023001,,,,,,,,,,,,,,,0,,,,,,,,,101230,
3999991,,-1,,,32,,1,,0,,1,icon_3999991,,,,,,,,,,,,,,,0,,,,,,,,,,
3999992,,-1,,,32,,2,,0,,1,icon_3999991,,,,,,,,,,,,,,,0,,,,,,,,,,
3999993,,-1,,,32,,3,,0,,1,icon_3999991,,,,,,,,,,,,,,,0,,,,,,,,,,
3999994,,-1,,,32,,4,,0,,1,icon_3999991,,,,,,,,,,,,,,,0,,,,,,,,,,
3999995,,-1,,,32,,5,,0,,1,icon_3999991,,,,,,,,,,,,,,,0,,,,,,,,,,
3999996,,-1,,,32,,6,,0,,1,icon_3999991,,,,,,,,,,,,,,,0,,,,,,,,,,
